transaction_id,account_holder_name,account_number,amount_inr,transaction_time
FIU-TXN-2024-000001,Karim Lala,ICIC-0911440019,5860122,2026-02-22 11:15:00
FIU-TXN-2024-000002,Tariq Memon,SBIN-9911228833,4536366,2025-10-29 11:12:00
FIU-TXN-2024-000003,Rehan Belgaum,HDFC-0000000003,2809121,2025-11-11 15:29:00
FIU-TXN-2024-000004,Mohd. Aslam,HDFC-0044102981,10301791,2026-08-28 14:27:00
FIU-TXN-2024-000005,Karim Lala,ICIC-0911440019,10936271,2026-04-08 17:41:00
FIU-TXN-2024-000006,Tariq Memon,SBIN-9911228833,18653178,2025-11-14 16:10:00
FIU-TXN-2024-000007,Rehan Belgaum,HDFC-0000000007,19333015,2026-01-16 19:48:00
FIU-TXN-2024-000008,Mohd. Aslam,HDFC-0044102981,17685776,2026-07-26 14:30:00
FIU-TXN-2024-000009,Karim Lala,ICIC-0911440019,3616982,2025-12-20 16:27:00
FIU-TXN-2024-000010,Tariq Memon,SBIN-9911228833,7454757,2026-06-25 12:10:00
FIU-TXN-2024-000011,Rehan Belgaum,HDFC-0000000011,6153048,2026-05-10 16:43:00
FIU-TXN-2024-000012,Mohd. Aslam,HDFC-0044102981,7591221,2026-04-12 10:58:00
FIU-TXN-2024-000013,Karim Lala,ICIC-0911440019,12444422,2026-07-12 13:22:00
FIU-TXN-2024-000014,Tariq Memon,SBIN-9911228833,4063261,2026-03-29 10:25:00
FIU-TXN-2024-000015,Rehan Belgaum,HDFC-0000000015,18557049,2026-01-21 15:15:00
FIU-TXN-2024-000016,Mohd. Aslam,HDFC-0044102981,19966250,2025-10-16 14:16:00
FIU-TXN-2024-000017,Karim Lala,ICIC-0911440019,9132841,2026-05-18 13:17:00
FIU-TXN-2024-000018,Tariq Memon,SBIN-9911228833,12244303,2026-06-17 17:19:00
FIU-TXN-2024-000019,Rehan Belgaum,HDFC-0000000019,19201114,2026-07-15 16:17:00
FIU-TXN-2024-000020,Mohd. Aslam,HDFC-0044102981,7548638,2026-03-25 15:27:00
FIU-TXN-2024-000021,Karim Lala,ICIC-0911440019,9944858,2025-11-17 10:37:00
FIU-TXN-2024-000022,Tariq Memon,SBIN-9911228833,11601127,2026-03-16 19:54:00
FIU-TXN-2024-000023,Rehan Belgaum,HDFC-0000000023,7469090,2026-08-05 16:36:00
FIU-TXN-2024-000024,Mohd. Aslam,HDFC-0044102981,19207716,2025-12-20 11:49:00
FIU-TXN-2024-000025,Karim Lala,ICIC-0911440019,5120296,2025-10-09 15:31:00
FIU-TXN-2024-000026,Tariq Memon,SBIN-9911228833,7810677,2025-12-10 16:25:00
FIU-TXN-2024-000027,Rehan Belgaum,HDFC-0000000027,3410586,2026-04-09 15:47:00
FIU-TXN-2024-000028,Mohd. Aslam,HDFC-0044102981,18295710,2026-08-22 13:47:00
FIU-TXN-2024-000029,Karim Lala,ICIC-0911440019,7839913,2026-04-02 18:13:00
FIU-TXN-2024-000030,Tariq Memon,SBIN-9911228833,14259842,2026-01-05 11:53:00
FIU-TXN-2024-000031,Rehan Belgaum,HDFC-0000000031,24676305,2025-09-21 16:14:00
FIU-TXN-2024-000032,Mohd. Aslam,HDFC-0044102981,22630454,2026-03-10 14:46:00
FIU-TXN-2024-000033,Karim Lala,ICIC-0911440019,23288317,2026-03-09 15:27:00
FIU-TXN-2024-000034,Tariq Memon,SBIN-9911228833,1628052,2025-10-09 17:58:00
FIU-TXN-2024-000035,Rehan Belgaum,HDFC-0000000035,16641434,2026-05-28 20:35:00
FIU-TXN-2024-000036,Mohd. Aslam,HDFC-0044102981,22873612,2026-07-15 20:13:00
FIU-TXN-2024-000037,Karim Lala,ICIC-0911440019,12346557,2026-01-26 11:55:00
FIU-TXN-2024-000038,Tariq Memon,SBIN-9911228833,15623330,2025-10-22 15:52:00
FIU-TXN-2024-000039,Rehan Belgaum,HDFC-0000000039,1538636,2026-05-28 13:41:00
FIU-TXN-2024-000040,Mohd. Aslam,HDFC-0044102981,19799576,2026-06-10 17:37:00
FIU-TXN-2024-000041,Ramesh Bijapur,SBIN-3145929113,156039,2026-08-07 13:55:57
FIU-TXN-2024-000042,Santosh Inamdar,ICIC-1008743252,25566,2025-06-22 12:52:56
FIU-TXN-2024-000043,Manjunath Lala,KKBK-4667018410,766551,2026-04-11 19:49:14
FIU-TXN-2024-000044,Naveen Patil,ICIC-2550721129,988398,2026-05-15 19:44:23
FIU-TXN-2024-000045,Mohammad Gowda,ICIC-9179945262,280676,2026-04-02 17:16:46
FIU-TXN-2024-000046,Farhan Bhat,ICIC-2746873978,736427,2026-07-13 17:44:50
FIU-TXN-2024-000047,Mustafa Shinde,SBIN-8308215094,997174,2025-05-19 13:11:11
FIU-TXN-2024-000048,Manoj Siddiqui,ICIC-6358427394,490618,2025-05-08 08:36:40
FIU-TXN-2024-000049,Noor Shaikh,PUNB-3941420604,1438848,2025-09-29 13:23:23
FIU-TXN-2024-000050,Pradeep Deshmukh,PUNB-8183135870,1404449,2026-03-02 13:56:16
FIU-TXN-2024-000051,Mahesh Bhat,HDFC-5592804304,579970,2026-06-06 09:16:39
FIU-TXN-2024-000052,Khaleel Sayed,SBIN-7940856889,1282447,2026-03-25 22:25:15
FIU-TXN-2024-000053,Sanjay Qureshi,HDFC-2837639720,1133762,2025-05-10 08:38:43
FIU-TXN-2024-000054,Irfan Mirajkar,KKBK-2914397435,311587,2025-12-12 23:38:16
FIU-TXN-2024-000055,Mustafa Patil,KKBK-8810432813,1420275,2026-08-30 20:27:15
FIU-TXN-2024-000056,Mustafa Bhat,HDFC-5640506069,528611,2025-12-15 16:40:28
FIU-TXN-2024-000057,Prashanth Sayed,PUNB-9570165076,489778,2026-03-20 23:22:18
FIU-TXN-2024-000058,Khaleel Naik,PUNB-3287087509,1363058,2025-09-02 12:40:46
FIU-TXN-2024-000059,Abdul Memon,PUNB-6303024316,1428387,2025-07-10 20:20:52
FIU-TXN-2024-000060,Pradeep Shinde,AXIS-8800408707,836110,2025-12-21 16:25:47
FIU-TXN-2024-000061,Santosh Chavan,PUNB-8476283385,1235540,2026-06-14 19:49:31
FIU-TXN-2024-000062,Tariq Rao,SBIN-1335690574,1177830,2025-05-05 10:56:25
FIU-TXN-2024-000063,Salim Chavan,HDFC-5132902436,320663,2026-03-21 09:25:18
FIU-TXN-2024-000064,Prashanth Shinde,KKBK-1353309129,687818,2026-05-16 19:16:50
FIU-TXN-2024-000065,Farhan Inamdar,AXIS-8157635573,1452583,2026-06-03 09:29:24
FIU-TXN-2024-000066,Sunil Shinde,SBIN-6880255089,196129,2025-05-17 19:59:22
FIU-TXN-2024-000067,Javed Qureshi,KKBK-3203906876,1005668,2026-02-06 23:20:48
FIU-TXN-2024-000068,Prakash Deshmukh,KKBK-3017079070,1223688,2025-06-06 19:48:36
FIU-TXN-2024-000069,Nasir Sayed,HDFC-4688267878,837594,2025-10-29 23:24:47
FIU-TXN-2024-000070,Mahesh Bijapur,AXIS-8837255684,250551,2025-07-24 12:36:53
FIU-TXN-2024-000071,Prashanth Chavan,KKBK-6455731576,390194,2025-07-27 22:33:23
FIU-TXN-2024-000072,Javed Shinde,KKBK-4220514653,1457748,2025-09-23 13:45:17
FIU-TXN-2024-000073,Sachin Kulkarni,KKBK-8994901393,945575,2025-05-12 08:18:27
FIU-TXN-2024-000074,Iqbal Pawar,AXIS-4138174934,788301,2025-07-26 20:13:44
FIU-TXN-2024-000075,Mohammad Bhat,PUNB-1255355547,46173,2025-05-23 15:52:56
FIU-TXN-2024-000076,Kishore Inamdar,SBIN-3545823556,816379,2026-02-04 21:13:31
FIU-TXN-2024-000077,Vikram Reddy,ICIC-6593832253,434319,2025-10-08 14:49:43
FIU-TXN-2024-000078,Ganesh Jadhav,SBIN-1637607138,1215866,2025-07-24 23:50:57
FIU-TXN-2024-000079,Suresh Qureshi,AXIS-1756462566,1136972,2025-08-11 09:21:12
FIU-TXN-2024-000080,Prakash Qureshi,KKBK-2460805919,711137,2025-06-01 10:17:59
FIU-TXN-2024-000081,Rajesh Shetty,KKBK-8840951667,1117294,2025-12-13 14:56:39
FIU-TXN-2024-000082,Nasir Pawar,SBIN-7053721000,451810,2025-12-14 23:49:37
FIU-TXN-2024-000083,Tariq Pawar,KKBK-1643150408,814967,2026-06-26 15:55:18
FIU-TXN-2024-000084,Sachin Pawar,AXIS-1640282737,328581,2026-01-03 19:23:53
FIU-TXN-2024-000085,Basavaraj Ansari,ICIC-5285831707,59238,2025-10-15 18:36:12
FIU-TXN-2024-000086,Iqbal Shaikh,ICIC-1013600236,424918,2026-04-23 20:28:27
FIU-TXN-2024-000087,Suresh Ansari,SBIN-4174013778,1278178,2025-06-06 10:34:36
FIU-TXN-2024-000088,Shreedhar Khan,HDFC-8958159512,1207777,2026-04-28 13:42:55
FIU-TXN-2024-000089,Tariq Jadhav,PUNB-3274471738,47417,2026-07-24 21:53:25
FIU-TXN-2024-000090,Rajesh Kulkarni,HDFC-3873356330,735131,2026-08-27 10:15:54
FIU-TXN-2024-000091,Salim Memon,PUNB-9983274845,904407,2025-11-12 14:21:11
FIU-TXN-2024-000092,Ganesh Shetty,ICIC-8425327359,626905,2026-03-10 12:32:28
FIU-TXN-2024-000093,Kishore Ansari,HDFC-4231717830,192108,2026-01-29 23:39:29
FIU-TXN-2024-000094,Farhan Deshmukh,PUNB-3570300441,764533,2025-08-01 16:36:45
FIU-TXN-2024-000095,Dinesh Naik,AXIS-1904598821,1208400,2025-09-16 13:51:35
FIU-TXN-2024-000096,Manjunath Ansari,KKBK-8091385568,316877,2025-07-08 20:34:20
FIU-TXN-2024-000097,Sachin Hegde,ICIC-5223099284,709900,2025-09-25 14:38:22
FIU-TXN-2024-000098,Raghavendra Lala,ICIC-4447937907,363067,2025-08-21 20:42:28
FIU-TXN-2024-000099,Vijay Lala,KKBK-4571914742,633671,2026-07-12 11:43:58
FIU-TXN-2024-000100,Prashanth Mirajkar,PUNB-7314230258,646752,2025-11-11 23:45:41
FIU-TXN-2024-000101,Shakeel Reddy,AXIS-1549246202,1391798,2025-05-19 17:43:35
FIU-TXN-2024-000102,Kiran Rao,ICIC-4781866124,1060400,2025-05-28 10:11:31
FIU-TXN-2024-000103,Noor Lala,HDFC-5255149399,854985,2026-06-25 19:12:31
FIU-TXN-2024-000104,Rajesh Sayed,SBIN-8032756927,442501,2026-03-07 17:42:35
FIU-TXN-2024-000105,Mustafa Sayed,KKBK-3506762651,1330050,2025-10-26 21:58:27
FIU-TXN-2024-000106,Manjunath Siddiqui,AXIS-8394631334,1291079,2025-11-29 08:16:40
FIU-TXN-2024-000107,Ajay Sayed,SBIN-2897922258,857596,2025-10-04 13:19:15
FIU-TXN-2024-000108,Basavaraj Khan,ICIC-5385138860,764421,2026-07-23 15:25:19
FIU-TXN-2024-000109,Raghavendra Qureshi,PUNB-1907478722,162719,2025-09-04 18:24:35
FIU-TXN-2024-000110,Chethan Gowda,AXIS-5903165810,590613,2025-09-08 17:16:41
FIU-TXN-2024-000111,Girish Patil,HDFC-3817548716,1124545,2026-05-19 11:27:48
FIU-TXN-2024-000112,Sanjay Naik,KKBK-9488576650,1071360,2025-08-31 09:48:38
FIU-TXN-2024-000113,Anil Ansari,KKBK-5860011156,268668,2025-08-28 10:46:43
FIU-TXN-2024-000114,Arjun Naik,PUNB-8400221703,617289,2026-02-24 17:48:20
FIU-TXN-2024-000115,Sunil Patil,HDFC-1092669327,504511,2025-10-28 09:48:37
FIU-TXN-2024-000116,Shreedhar Lala,AXIS-4204386103,1463106,2026-05-08 12:58:58
FIU-TXN-2024-000117,Girish Memon,SBIN-5255068818,1419084,2026-06-23 15:53:55
FIU-TXN-2024-000118,Arjun Patil,KKBK-2417990013,245168,2025-08-04 13:35:13
FIU-TXN-2024-000119,Suresh Rao,HDFC-7851480713,48375,2025-10-01 10:17:49
FIU-TXN-2024-000120,Mahesh Kulkarni,SBIN-2310422050,581256,2025-07-12 09:59:23
FIU-TXN-2024-000121,Kishore Rao,PUNB-1853774649,1471829,2025-07-28 18:35:14
FIU-TXN-2024-000122,Ajay Kadam,HDFC-1805945146,736306,2026-01-09 11:52:29
FIU-TXN-2024-000123,Vijay Rao,KKBK-7165573896,1289917,2025-09-27 18:53:24
FIU-TXN-2024-000124,Irfan Patil,PUNB-6705775815,293832,2025-06-09 17:29:48
FIU-TXN-2024-000125,Suresh Pathan,KKBK-2747758143,975150,2025-10-30 11:26:39
FIU-TXN-2024-000126,Javed Shinde,AXIS-5689364144,127952,2025-12-16 11:48:12
FIU-TXN-2024-000127,Irfan Shetty,KKBK-4901598607,987990,2026-01-08 20:34:52
FIU-TXN-2024-000128,Mustafa Bijapur,AXIS-8656644041,1103095,2025-10-19 21:45:41
FIU-TXN-2024-000129,Zaheer Pawar,HDFC-2268275253,989454,2026-01-05 12:35:45
FIU-TXN-2024-000130,Rajesh Inamdar,AXIS-9858858607,1323175,2025-11-27 15:35:28
FIU-TXN-2024-000131,Iqbal Shetty,SBIN-9564733642,745959,2025-07-29 22:48:47
FIU-TXN-2024-000132,Rajesh Khan,KKBK-1482868496,344442,2026-06-08 20:24:14
FIU-TXN-2024-000133,Mahesh Qureshi,AXIS-8029537721,608501,2026-07-26 08:12:45
FIU-TXN-2024-000134,Raghavendra Ansari,HDFC-8353420757,633857,2025-06-10 10:40:48
FIU-TXN-2024-000135,Javed Lala,ICIC-2914474403,1215248,2025-12-26 12:16:56
FIU-TXN-2024-000136,Vijay Rao,PUNB-6052093779,411550,2025-09-23 08:53:39
FIU-TXN-2024-000137,Manoj Ansari,SBIN-1023660218,269792,2025-09-06 13:39:16
FIU-TXN-2024-000138,Zaheer Bijapur,HDFC-5508181690,1465985,2026-02-04 16:18:38
FIU-TXN-2024-000139,Shakeel Bhat,PUNB-3255599704,866560,2025-09-29 08:12:22
FIU-TXN-2024-000140,Kiran Chavan,AXIS-9897123589,1156176,2026-07-10 17:41:29
FIU-TXN-2024-000141,Manjunath Patil,KKBK-8473103651,331002,2026-06-25 11:23:14
FIU-TXN-2024-000142,Vijay Khan,HDFC-7942039972,992510,2025-10-12 13:17:36
FIU-TXN-2024-000143,Khaleel Jadhav,PUNB-5708375425,272796,2025-05-24 09:37:13
FIU-TXN-2024-000144,Sachin Bhat,PUNB-8665232156,648551,2026-02-12 11:46:35
FIU-TXN-2024-000145,Ajay Memon,KKBK-4090230158,832568,2026-04-12 09:30:39
FIU-TXN-2024-000146,Ganesh Patil,HDFC-3860381566,1372231,2025-09-27 10:34:43
FIU-TXN-2024-000147,Anil Deshmukh,SBIN-4510426222,508270,2026-03-03 18:38:30
FIU-TXN-2024-000148,Zaheer Qureshi,HDFC-5381004463,190561,2025-08-30 09:16:23
FIU-TXN-2024-000149,Manjunath Khan,PUNB-4092688703,1472604,2025-09-25 16:52:43
FIU-TXN-2024-000150,Sachin Lala,HDFC-9974822973,1115278,2025-11-25 15:47:24
FIU-TXN-2024-000151,Suresh Ansari,KKBK-5876079097,832891,2025-05-04 21:58:57
FIU-TXN-2024-000152,Irfan Bhat,ICIC-1248982279,1162094,2025-06-08 12:53:33
FIU-TXN-2024-000153,Suresh Patil,SBIN-6750404442,762290,2025-10-26 08:28:46
FIU-TXN-2024-000154,Imran Kulkarni,KKBK-9244477930,100888,2025-07-06 14:33:15
FIU-TXN-2024-000155,Tariq Chavan,ICIC-3561230049,1249737,2025-06-06 08:36:29
FIU-TXN-2024-000156,Raghavendra Hegde,ICIC-9275318192,149237,2026-01-10 23:41:44
FIU-TXN-2024-000157,Kiran Kulkarni,SBIN-6122221070,661948,2025-08-04 21:23:49
FIU-TXN-2024-000158,Mahesh Kadam,HDFC-8230184031,671220,2025-05-12 22:55:35
FIU-TXN-2024-000159,Suresh Shaikh,KKBK-1787038678,320925,2025-11-29 12:37:40
FIU-TXN-2024-000160,Abdul Qureshi,PUNB-4618160476,1492463,2025-11-13 18:55:31
FIU-TXN-2024-000161,Kishore Shetty,HDFC-3746194591,502806,2025-06-01 11:26:56
FIU-TXN-2024-000162,Ramesh Jadhav,HDFC-2772122019,743935,2026-05-05 13:27:11
FIU-TXN-2024-000163,Pradeep Bhat,HDFC-4291575247,269229,2025-12-10 17:56:50
FIU-TXN-2024-000164,Girish Reddy,HDFC-6488715326,1394567,2026-05-04 21:42:56
FIU-TXN-2024-000165,Irfan Bijapur,PUNB-3098122460,1342883,2026-01-06 15:11:22
FIU-TXN-2024-000166,Arjun Hegde,PUNB-2758725119,395769,2025-05-12 22:27:44
FIU-TXN-2024-000167,Abdul Bijapur,AXIS-2832242029,115797,2026-04-23 22:28:32
FIU-TXN-2024-000168,Farhan Hegde,ICIC-7142855765,823100,2026-03-25 15:49:20
FIU-TXN-2024-000169,Irfan Khan,KKBK-8174242173,375469,2025-08-27 14:29:33
FIU-TXN-2024-000170,Zaheer Rao,KKBK-5881269358,676194,2025-07-28 22:36:54
FIU-TXN-2024-000171,Kiran Kamath,AXIS-7542395626,75509,2026-02-20 19:38:22
FIU-TXN-2024-000172,Manjunath Reddy,ICIC-6703081529,1296828,2026-06-13 18:58:10
FIU-TXN-2024-000173,Mustafa Pawar,AXIS-3350166754,1020255,2026-01-02 19:59:37
FIU-TXN-2024-000174,Ajay Bhat,PUNB-2270134713,1039578,2026-02-05 08:31:51
FIU-TXN-2024-000175,Mustafa Patil,ICIC-8845686869,1489332,2025-12-17 18:15:53
FIU-TXN-2024-000176,Vijay Siddiqui,SBIN-8380518739,1347541,2025-11-17 20:48:58
FIU-TXN-2024-000177,Mohammad Lala,PUNB-4952621891,1431315,2025-11-03 10:50:23
FIU-TXN-2024-000178,Abdul Siddiqui,ICIC-4496991963,93078,2026-01-04 14:53:14
FIU-TXN-2024-000179,Basavaraj Chavan,SBIN-5695484098,958197,2026-06-27 15:38:47
FIU-TXN-2024-000180,Kishore Shinde,PUNB-3767178262,394027,2025-05-17 17:21:27
FIU-TXN-2024-000181,Ganesh Sawant,KKBK-1846676251,689731,2025-10-17 22:28:53
FIU-TXN-2024-000182,Tariq Kadam,ICIC-7798955080,407946,2025-06-24 08:28:23
FIU-TXN-2024-000183,Girish Pathan,PUNB-6674909611,177450,2026-05-14 09:11:31
FIU-TXN-2024-000184,Mohammad Hegde,KKBK-2166115897,221638,2025-12-01 10:50:38
FIU-TXN-2024-000185,Manoj Sawant,ICIC-6798903435,751131,2025-07-20 16:54:25
FIU-TXN-2024-000186,Rajesh Mirajkar,HDFC-6039165760,225711,2026-09-15 14:28:15
FIU-TXN-2024-000187,Mohammad Patil,AXIS-9936798113,173080,2026-06-20 13:26:54
FIU-TXN-2024-000188,Kiran Shinde,HDFC-7749915256,1032261,2025-06-01 20:55:39
FIU-TXN-2024-000189,Khaleel Hegde,SBIN-8899617443,701890,2025-11-21 23:49:54
FIU-TXN-2024-000190,Sunil Mirajkar,HDFC-3376134948,39948,2026-09-15 19:10:51
FIU-TXN-2024-000191,Sachin Bhat,AXIS-6068145845,1330544,2025-09-02 21:15:24
FIU-TXN-2024-000192,Naveen Khan,HDFC-2556912704,97169,2026-01-09 23:26:11
FIU-TXN-2024-000193,Prashanth Patil,ICIC-1114255485,1492380,2025-07-21 09:14:31
FIU-TXN-2024-000194,Arjun Shinde,ICIC-2705481461,396888,2025-07-01 15:40:46
FIU-TXN-2024-000195,Tariq Pawar,KKBK-9647979174,912216,2026-03-18 16:40:27
FIU-TXN-2024-000196,Shakeel Shinde,HDFC-9397787260,748507,2026-03-03 12:44:19
FIU-TXN-2024-000197,Ajay Jadhav,SBIN-2560020480,1213141,2025-06-03 14:16:42
FIU-TXN-2024-000198,Irfan Shetty,PUNB-6074741309,300952,2025-09-10 22:58:59
FIU-TXN-2024-000199,Imran Pawar,HDFC-9296394270,1069032,2025-07-04 23:21:33
FIU-TXN-2024-000200,Ganesh Mirajkar,SBIN-1867079644,628998,2026-02-17 22:26:31
FIU-TXN-2024-000201,Mahesh Shetty,KKBK-8475689714,415163,2026-02-16 23:54:36
FIU-TXN-2024-000202,Deepak Bhat,HDFC-6947338858,348541,2025-07-27 16:27:16
FIU-TXN-2024-000203,Basavaraj Naik,SBIN-7337566744,1060331,2025-07-17 16:24:26
FIU-TXN-2024-000204,Farhan Inamdar,AXIS-8351913914,203738,2025-08-26 18:25:14
FIU-TXN-2024-000205,Kiran Sayed,PUNB-2315143318,400703,2026-08-09 15:40:11
FIU-TXN-2024-000206,Ramesh Sayed,HDFC-6169552291,35078,2025-12-11 19:24:55
FIU-TXN-2024-000207,Deepak Inamdar,HDFC-6961149184,462867,2025-09-08 19:21:54
FIU-TXN-2024-000208,Khaleel Rao,AXIS-4251442913,659758,2025-07-17 19:12:35
FIU-TXN-2024-000209,Pradeep Siddiqui,ICIC-3095859918,780361,2026-07-02 17:50:26
FIU-TXN-2024-000210,Ramesh Naik,KKBK-7358952801,37318,2026-07-06 11:30:16
FIU-TXN-2024-000211,Arjun Hegde,HDFC-2807397585,182036,2025-10-02 12:55:26
FIU-TXN-2024-000212,Manoj Kulkarni,ICIC-5412429709,511966,2025-06-01 20:37:58
FIU-TXN-2024-000213,Mustafa Qureshi,AXIS-3075569312,805835,2025-11-15 16:54:13
FIU-TXN-2024-000214,Anil Kadam,ICIC-3480083718,672889,2026-08-28 17:38:30
FIU-TXN-2024-000215,Raghavendra Deshmukh,KKBK-8357779963,926522,2026-04-10 08:26:43
FIU-TXN-2024-000216,Girish Inamdar,AXIS-5208910685,295174,2026-05-22 16:41:59
FIU-TXN-2024-000217,Mohammad Ansari,ICIC-2594225198,1122191,2025-05-10 17:51:18
FIU-TXN-2024-000218,Pradeep Inamdar,HDFC-9457439148,485646,2026-08-12 12:41:22
FIU-TXN-2024-000219,Chethan Deshmukh,SBIN-2732206587,1425435,2025-08-11 20:48:57
FIU-TXN-2024-000220,Prakash Kamath,KKBK-3354311601,1208934,2026-01-15 10:35:56
FIU-TXN-2024-000221,Farhan Shinde,AXIS-3007925321,1221346,2025-07-11 09:29:21
FIU-TXN-2024-000222,Khaleel Kadam,PUNB-2017014205,636503,2025-11-11 15:30:44
FIU-TXN-2024-000223,Pradeep Kamath,PUNB-4404440999,974386,2025-12-20 17:42:34
FIU-TXN-2024-000224,Kishore Reddy,SBIN-9765353984,695037,2026-03-01 21:37:31
FIU-TXN-2024-000225,Naveen Patil,ICIC-3486283655,963454,2025-10-08 13:38:45
FIU-TXN-2024-000226,Dinesh Shetty,PUNB-1701755609,1340432,2026-02-27 14:49:27
FIU-TXN-2024-000227,Basavaraj Shaikh,KKBK-7466998482,622973,2025-05-24 10:34:48
FIU-TXN-2024-000228,Vikram Kadam,SBIN-2878305995,1322675,2025-10-30 23:12:51
FIU-TXN-2024-000229,Vikram Mirajkar,AXIS-7408152188,1400958,2026-03-08 17:37:52
FIU-TXN-2024-000230,Anil Shaikh,HDFC-3141235107,1418417,2025-07-25 13:55:40
FIU-TXN-2024-000231,Manjunath Jadhav,AXIS-5480519184,126719,2026-03-02 19:46:16
FIU-TXN-2024-000232,Ajay Pathan,SBIN-2138604695,385542,2026-02-02 16:52:39
FIU-TXN-2024-000233,Kishore Sawant,HDFC-7925929698,795033,2025-11-24 17:38:54
FIU-TXN-2024-000234,Imran Qureshi,AXIS-2286337154,1131742,2026-06-15 19:19:38
FIU-TXN-2024-000235,Ramesh Sayed,AXIS-1354391104,1218852,2026-02-24 17:22:12
FIU-TXN-2024-000236,Kiran Naik,ICIC-1535325749,1166508,2026-04-30 20:20:36
FIU-TXN-2024-000237,Rajesh Sawant,SBIN-3873212413,155763,2026-08-31 14:52:46
FIU-TXN-2024-000238,Salim Khan,HDFC-9498870362,833209,2026-07-31 19:50:20
FIU-TXN-2024-000239,Ramesh Ansari,PUNB-3088240324,1026898,2025-10-18 23:38:57
FIU-TXN-2024-000240,Manjunath Patil,PUNB-2951068391,136777,2026-08-25 11:20:17
FIU-TXN-2024-000241,Chethan Kamath,AXIS-8523891166,153589,2025-12-15 23:42:42
FIU-TXN-2024-000242,Pradeep Sayed,KKBK-5347977834,163922,2026-02-11 13:33:44
FIU-TXN-2024-000243,Salim Khan,KKBK-5466333226,893508,2026-02-03 12:37:28
FIU-TXN-2024-000244,Salim Lala,HDFC-9604297945,907205,2025-11-07 20:37:38
FIU-TXN-2024-000245,Pradeep Mirajkar,ICIC-8790639606,1481455,2025-05-31 12:35:26
FIU-TXN-2024-000246,Chethan Bhat,AXIS-4535978967,377983,2026-01-07 12:35:55
FIU-TXN-2024-000247,Mustafa Mirajkar,PUNB-9027130811,1471110,2025-05-20 15:55:46
FIU-TXN-2024-000248,Anil Shetty,KKBK-3209748776,1347160,2025-12-13 10:11:47
FIU-TXN-2024-000249,Ajay Mirajkar,HDFC-2294031259,558761,2025-12-02 11:20:37
FIU-TXN-2024-000250,Santosh Hegde,HDFC-1447898193,941444,2026-06-19 11:10:55
FIU-TXN-2024-000251,Suresh Naik,PUNB-1340413340,390215,2025-09-26 09:10:19
FIU-TXN-2024-000252,Mustafa Reddy,SBIN-8515299625,1182289,2025-12-26 11:45:55
FIU-TXN-2024-000253,Ajay Sawant,AXIS-3531865011,1328117,2025-12-28 10:17:51
FIU-TXN-2024-000254,Suresh Patil,ICIC-1599338066,1471784,2025-12-11 11:13:42
FIU-TXN-2024-000255,Iqbal Lala,AXIS-1228177745,913165,2026-01-15 18:29:43
FIU-TXN-2024-000256,Prashanth Rao,AXIS-9612060365,128471,2025-07-29 08:18:26
FIU-TXN-2024-000257,Chethan Kadam,SBIN-8231784676,94874,2026-06-15 16:23:43
FIU-TXN-2024-000258,Mustafa Shinde,ICIC-6697497699,1137905,2026-04-17 22:31:35
FIU-TXN-2024-000259,Mohammad Bijapur,PUNB-8768029180,1338255,2026-06-25 09:30:35
FIU-TXN-2024-000260,Girish Chavan,HDFC-2904649819,401239,2026-08-05 14:46:41
FIU-TXN-2024-000261,Santosh Inamdar,PUNB-2125844510,91069,2025-11-26 19:39:48
FIU-TXN-2024-000262,Khaleel Patil,ICIC-4013536157,1151303,2026-09-13 23:37:42
FIU-TXN-2024-000263,Javed Chavan,PUNB-9659767679,727850,2025-08-16 11:32:53
FIU-TXN-2024-000264,Girish Bijapur,ICIC-7746353796,1305423,2025-05-05 10:29:46
FIU-TXN-2024-000265,Deepak Kulkarni,AXIS-3699703605,1474842,2025-11-02 11:52:46
FIU-TXN-2024-000266,Chethan Kulkarni,HDFC-6985878560,529893,2026-06-04 08:49:24
FIU-TXN-2024-000267,Vikram Deshmukh,ICIC-9794989976,646192,2025-06-08 19:57:36
FIU-TXN-2024-000268,Rajesh Mirajkar,ICIC-4874014110,200514,2025-09-21 12:56:19
FIU-TXN-2024-000269,Javed Jadhav,PUNB-2852125421,1186465,2025-08-06 12:59:20
FIU-TXN-2024-000270,Chethan Mirajkar,AXIS-4618163707,865911,2025-08-17 14:59:14
FIU-TXN-2024-000271,Farhan Hegde,KKBK-3024016689,938744,2026-08-16 20:50:25
FIU-TXN-2024-000272,Khaleel Jadhav,SBIN-2342460819,1181751,2026-07-19 10:36:57
FIU-TXN-2024-000273,Mahesh Kadam,PUNB-5312169833,684000,2026-07-29 16:54:51
FIU-TXN-2024-000274,Manoj Inamdar,PUNB-8296795787,1345970,2026-07-12 21:40:37
FIU-TXN-2024-000275,Raghavendra Hegde,AXIS-5058657454,102419,2026-06-03 17:52:13
FIU-TXN-2024-000276,Prashanth Siddiqui,SBIN-4768955302,628385,2025-12-28 20:19:29
FIU-TXN-2024-000277,Shakeel Rao,HDFC-8232927192,1001384,2025-05-05 23:17:56
FIU-TXN-2024-000278,Chethan Mirajkar,HDFC-3995509331,270942,2025-05-16 15:18:27
FIU-TXN-2024-000279,Iqbal Inamdar,AXIS-5135972770,163027,2025-11-06 13:42:24
FIU-TXN-2024-000280,Raghavendra Pathan,PUNB-5209173555,826682,2025-10-19 20:27:39
FIU-TXN-2024-000281,Khaleel Reddy,HDFC-6035459969,738542,2025-11-07 15:48:10
FIU-TXN-2024-000282,Imran Naik,ICIC-6458791221,212546,2025-05-09 09:41:42
FIU-TXN-2024-000283,Ganesh Shetty,KKBK-1755468715,1252692,2025-05-23 14:17:36
FIU-TXN-2024-000284,Ramesh Jadhav,ICIC-2768196640,266578,2025-11-26 12:27:22
FIU-TXN-2024-000285,Basavaraj Inamdar,AXIS-1069631526,525365,2026-08-15 23:45:26
FIU-TXN-2024-000286,Raghavendra Memon,ICIC-8575650937,911592,2026-07-02 09:12:17
FIU-TXN-2024-000287,Zaheer Bijapur,SBIN-3047055959,722981,2025-07-13 19:28:11
FIU-TXN-2024-000288,Arjun Patil,ICIC-5319823484,303471,2026-05-08 17:36:41
FIU-TXN-2024-000289,Prashanth Naik,SBIN-7848815483,1291588,2026-03-29 08:17:12
FIU-TXN-2024-000290,Sunil Shetty,SBIN-3066088085,909370,2025-08-14 10:42:55
FIU-TXN-2024-000291,Mohammad Deshmukh,ICIC-6749298290,145951,2025-09-11 22:59:18
FIU-TXN-2024-000292,Ramesh Qureshi,KKBK-8318429595,159539,2025-05-07 18:25:28
FIU-TXN-2024-000293,Zaheer Shetty,ICIC-2286820180,1464973,2025-08-22 10:14:23
FIU-TXN-2024-000294,Pradeep Sawant,AXIS-1114844635,222955,2025-11-25 14:55:13
FIU-TXN-2024-000295,Javed Gowda,KKBK-3102314510,64336,2026-05-24 17:24:18
FIU-TXN-2024-000296,Salim Kadam,PUNB-9970378062,110015,2026-08-11 10:37:48
FIU-TXN-2024-000297,Shakeel Reddy,HDFC-8873838742,1396177,2026-04-24 15:42:41
FIU-TXN-2024-000298,Dinesh Inamdar,KKBK-5543804621,1175751,2025-08-23 16:11:37
FIU-TXN-2024-000299,Santosh Mirajkar,ICIC-4463150157,697978,2026-04-20 16:38:24
FIU-TXN-2024-000300,Mahesh Lala,ICIC-7604002001,374568,2025-05-23 18:10:47
FIU-TXN-2024-000301,Ganesh Gowda,HDFC-9741927733,1432968,2026-01-20 20:17:33
FIU-TXN-2024-000302,Ajay Pawar,PUNB-4378330304,1489533,2026-08-11 09:49:56
FIU-TXN-2024-000303,Basavaraj Sawant,PUNB-1552575028,674946,2026-02-08 15:16:51
FIU-TXN-2024-000304,Prakash Sayed,PUNB-8352596502,1279030,2025-09-01 11:18:38
FIU-TXN-2024-000305,Farhan Siddiqui,KKBK-9193419428,40370,2025-05-13 10:26:31
FIU-TXN-2024-000306,Ganesh Bijapur,ICIC-9892933762,1138279,2026-07-08 15:30:57
FIU-TXN-2024-000307,Iqbal Patil,SBIN-8838524220,739158,2025-05-08 11:12:31
FIU-TXN-2024-000308,Manoj Shaikh,AXIS-2770746188,849779,2026-07-09 18:18:30
FIU-TXN-2024-000309,Dinesh Shetty,KKBK-4788122276,1487895,2026-07-23 21:39:38
FIU-TXN-2024-000310,Manoj Siddiqui,PUNB-7506132576,241522,2025-08-07 11:39:58
FIU-TXN-2024-000311,Dinesh Naik,ICIC-3976367608,1448664,2025-09-28 17:35:20
FIU-TXN-2024-000312,Sunil Shinde,HDFC-6413645940,947429,2026-06-28 17:54:46
FIU-TXN-2024-000313,Ramesh Kadam,ICIC-3721732114,494582,2025-08-19 11:13:29
FIU-TXN-2024-000314,Chethan Jadhav,AXIS-4386313203,855052,2026-01-24 21:46:33
FIU-TXN-2024-000315,Sachin Sawant,PUNB-9467101025,415811,2026-02-09 17:33:43
FIU-TXN-2024-000316,Vikram Khan,ICIC-2578204590,1357505,2026-09-11 12:14:16
FIU-TXN-2024-000317,Girish Khan,PUNB-3356073166,1203998,2026-05-01 13:45:21
FIU-TXN-2024-000318,Ajay Patil,ICIC-4305058322,1101844,2025-10-13 19:59:38
FIU-TXN-2024-000319,Anil Shaikh,ICIC-1672636801,698111,2026-04-26 08:28:35
FIU-TXN-2024-000320,Pradeep Deshmukh,AXIS-6534240161,726530,2025-06-03 08:12:25
FIU-TXN-2024-000321,Manjunath Rao,ICIC-2973244157,540337,2025-09-17 22:22:28
FIU-TXN-2024-000322,Ajay Khan,KKBK-1531386598,411394,2026-03-29 13:13:39
FIU-TXN-2024-000323,Basavaraj Deshmukh,AXIS-5750370694,1335872,2026-09-14 09:53:28
FIU-TXN-2024-000324,Shakeel Patil,KKBK-2177035575,233387,2025-06-19 09:43:31
FIU-TXN-2024-000325,Shakeel Deshmukh,ICIC-1033941279,212163,2026-04-03 22:33:44
FIU-TXN-2024-000326,Pradeep Kulkarni,SBIN-5228213221,904478,2025-11-26 16:48:48
FIU-TXN-2024-000327,Arjun Reddy,SBIN-7483911476,669681,2025-12-12 16:40:26
FIU-TXN-2024-000328,Rajesh Jadhav,PUNB-3354700821,1201481,2025-05-13 19:17:18
FIU-TXN-2024-000329,Tariq Hegde,KKBK-8621458899,1058422,2025-09-14 18:40:59
FIU-TXN-2024-000330,Shreedhar Shaikh,AXIS-5594309488,1050412,2025-06-21 18:33:16
FIU-TXN-2024-000331,Pradeep Khan,KKBK-4500189825,192489,2025-07-28 19:42:56
FIU-TXN-2024-000332,Prashanth Bhat,SBIN-4686213939,279434,2026-05-14 22:44:13
FIU-TXN-2024-000333,Manoj Bijapur,HDFC-5385296336,934488,2025-05-18 09:53:21
FIU-TXN-2024-000334,Kishore Pawar,HDFC-8770164575,1209907,2026-07-18 23:20:31
FIU-TXN-2024-000335,Kiran Shetty,ICIC-8649876474,843099,2025-08-22 16:27:54
FIU-TXN-2024-000336,Dinesh Shaikh,ICIC-4443335957,1239414,2025-11-15 17:41:29
FIU-TXN-2024-000337,Naveen Chavan,KKBK-8551394792,1313135,2025-10-27 12:13:17
FIU-TXN-2024-000338,Girish Pawar,SBIN-8502142839,1261267,2026-06-09 20:25:48
FIU-TXN-2024-000339,Mohammad Pathan,AXIS-2901595373,703656,2026-04-21 18:58:35
FIU-TXN-2024-000340,Girish Kadam,SBIN-3734188280,502687,2025-05-30 13:19:22
FIU-TXN-2024-000341,Anil Patil,ICIC-4560525951,732077,2026-06-20 17:35:14
FIU-TXN-2024-000342,Santosh Bijapur,PUNB-3571619358,915811,2026-06-06 15:37:32
FIU-TXN-2024-000343,Zaheer Ansari,HDFC-3760414268,127288,2025-12-13 15:53:42
FIU-TXN-2024-000344,Suresh Chavan,ICIC-4014264001,597146,2025-12-08 08:53:34
FIU-TXN-2024-000345,Manoj Pathan,ICIC-8877972872,1027538,2025-08-18 17:12:14
FIU-TXN-2024-000346,Basavaraj Kamath,PUNB-4841640416,1035543,2026-07-04 12:28:16
FIU-TXN-2024-000347,Iqbal Bhat,AXIS-8843086194,1483440,2026-02-27 15:14:29
FIU-TXN-2024-000348,Mohammad Patil,PUNB-1716454565,1314881,2025-07-13 19:35:17
FIU-TXN-2024-000349,Imran Kulkarni,KKBK-4995648100,406646,2025-09-07 20:47:25
FIU-TXN-2024-000350,Ramesh Kadam,PUNB-5921736374,1456087,2025-11-18 08:15:46
FIU-TXN-2024-000351,Prashanth Shaikh,PUNB-7527015152,245992,2025-07-02 23:55:22
FIU-TXN-2024-000352,Khaleel Shinde,SBIN-8613616544,813538,2026-05-06 23:36:35
FIU-TXN-2024-000353,Abdul Kamath,PUNB-3171761779,1058279,2025-11-14 16:37:39
FIU-TXN-2024-000354,Irfan Khan,ICIC-3974177299,304718,2025-11-28 14:31:29
FIU-TXN-2024-000355,Farhan Rao,KKBK-9028943171,613723,2025-09-25 16:47:42
FIU-TXN-2024-000356,Iqbal Shaikh,PUNB-8638842108,228575,2025-12-12 19:38:56
FIU-TXN-2024-000357,Chethan Shetty,ICIC-7077207647,89055,2026-01-12 08:53:36
FIU-TXN-2024-000358,Ramesh Bhat,HDFC-5082186493,914481,2026-05-12 15:15:36
FIU-TXN-2024-000359,Girish Shetty,HDFC-4025752008,202158,2026-04-09 20:54:42
FIU-TXN-2024-000360,Ganesh Hegde,HDFC-6571459565,1060846,2025-12-10 14:22:12
FIU-TXN-2024-000361,Nasir Patil,SBIN-9420556426,453522,2026-04-25 10:13:25
FIU-TXN-2024-000362,Naveen Jadhav,ICIC-5839591109,1083638,2026-02-15 09:48:50
FIU-TXN-2024-000363,Naveen Deshmukh,ICIC-2662632623,1068908,2026-02-11 22:23:17
FIU-TXN-2024-000364,Mustafa Shaikh,ICIC-2399415858,1074366,2025-10-24 21:39:21
FIU-TXN-2024-000365,Vijay Kadam,ICIC-8706812091,328697,2025-06-13 23:47:41
FIU-TXN-2024-000366,Imran Shinde,AXIS-9606225570,305094,2025-10-15 16:14:41
FIU-TXN-2024-000367,Sunil Chavan,SBIN-1480714073,1371656,2025-07-05 21:32:15
FIU-TXN-2024-000368,Ajay Gowda,ICIC-9586856132,328850,2025-07-14 15:56:12
FIU-TXN-2024-000369,Basavaraj Rao,SBIN-3539635231,1201011,2025-08-07 22:38:36
FIU-TXN-2024-000370,Ganesh Reddy,KKBK-5843597111,670845,2026-09-10 15:23:22
FIU-TXN-2024-000371,Abdul Shetty,ICIC-2036431893,1305041,2026-04-01 14:51:47
FIU-TXN-2024-000372,Zaheer Deshmukh,PUNB-5569013706,916546,2026-02-05 14:47:40
FIU-TXN-2024-000373,Arjun Khan,SBIN-9929323282,644791,2026-04-10 13:17:50
FIU-TXN-2024-000374,Zaheer Rao,HDFC-1378608803,765187,2026-01-17 14:52:28
FIU-TXN-2024-000375,Anil Jadhav,ICIC-1345441212,896694,2026-06-29 15:56:13
FIU-TXN-2024-000376,Raghavendra Jadhav,AXIS-5780985131,1464986,2026-08-20 09:29:19
FIU-TXN-2024-000377,Shreedhar Bijapur,HDFC-8538445205,747776,2026-08-29 16:46:36
FIU-TXN-2024-000378,Abdul Siddiqui,ICIC-7769076518,694520,2025-12-02 14:13:50
FIU-TXN-2024-000379,Abdul Shaikh,PUNB-6100877521,954639,2026-01-16 08:52:26
FIU-TXN-2024-000380,Mahesh Kulkarni,KKBK-3242126276,790224,2026-09-04 17:14:24
FIU-TXN-2024-000381,Basavaraj Mirajkar,ICIC-3029913380,1263747,2025-08-04 08:27:55
FIU-TXN-2024-000382,Irfan Khan,ICIC-5779733709,866760,2025-07-09 11:45:16
FIU-TXN-2024-000383,Abdul Kadam,PUNB-9497389207,1286771,2026-01-15 20:19:38
FIU-TXN-2024-000384,Kishore Shinde,HDFC-2539059240,751041,2026-06-21 21:44:33
FIU-TXN-2024-000385,Mohammad Memon,KKBK-4257186402,369522,2026-04-29 10:10:24
FIU-TXN-2024-000386,Girish Rao,ICIC-2628704657,169015,2026-02-07 16:48:14
FIU-TXN-2024-000387,Prakash Gowda,PUNB-6228861607,746889,2026-04-04 18:21:14
FIU-TXN-2024-000388,Ramesh Kulkarni,SBIN-2541809121,936797,2026-01-25 20:30:46
FIU-TXN-2024-000389,Girish Gowda,AXIS-1514281677,536440,2025-06-02 19:14:24
FIU-TXN-2024-000390,Ajay Shetty,PUNB-1797590476,1321907,2025-10-27 08:16:21
FIU-TXN-2024-000391,Sachin Pawar,SBIN-5197460650,505030,2025-06-11 22:26:32
FIU-TXN-2024-000392,Ganesh Ansari,HDFC-9236130583,734352,2026-06-06 16:40:59
FIU-TXN-2024-000393,Noor Reddy,SBIN-8502735266,448584,2025-05-27 18:27:29
FIU-TXN-2024-000394,Irfan Sayed,KKBK-8110476180,926524,2026-02-16 20:48:19
FIU-TXN-2024-000395,Pradeep Shinde,HDFC-3578523881,522855,2026-03-14 20:41:50
FIU-TXN-2024-000396,Kishore Mirajkar,AXIS-2227783575,288181,2026-04-02 08:54:12
FIU-TXN-2024-000397,Khaleel Siddiqui,SBIN-1110924869,172584,2026-03-25 20:38:14
FIU-TXN-2024-000398,Pradeep Khan,HDFC-6043919272,897856,2026-08-13 16:49:26
FIU-TXN-2024-000399,Ramesh Kulkarni,KKBK-4744411371,659755,2026-03-26 14:35:19
FIU-TXN-2024-000400,Imran Qureshi,PUNB-1006740374,290310,2026-08-19 19:56:40
FIU-TXN-2024-000401,Salim Patil,SBIN-4530226214,545115,2026-03-30 17:36:15
FIU-TXN-2024-000402,Manoj Hegde,PUNB-2360848917,1488309,2025-05-06 14:51:40
FIU-TXN-2024-000403,Vijay Pawar,KKBK-1120344307,591973,2025-07-09 21:37:16
FIU-TXN-2024-000404,Naveen Kadam,ICIC-1475702816,1306228,2026-03-23 15:27:38
FIU-TXN-2024-000405,Salim Naik,HDFC-7905614241,316069,2026-09-05 10:35:21
FIU-TXN-2024-000406,Rajesh Mirajkar,SBIN-1919151555,1227554,2025-07-31 21:40:49
FIU-TXN-2024-000407,Abdul Mirajkar,AXIS-9030935728,386373,2026-03-26 14:36:42
FIU-TXN-2024-000408,Dinesh Lala,ICIC-1289967426,532921,2025-05-09 14:11:44
FIU-TXN-2024-000409,Tariq Shetty,HDFC-7454469349,1130739,2025-08-07 15:59:34
FIU-TXN-2024-000410,Pradeep Sayed,AXIS-9270866797,1289095,2026-01-05 16:28:39
FIU-TXN-2024-000411,Arjun Kamath,PUNB-9232179299,1337688,2025-10-30 13:39:39
FIU-TXN-2024-000412,Nasir Hegde,HDFC-3554327269,1082995,2025-10-08 13:43:39
FIU-TXN-2024-000413,Kishore Bhat,ICIC-5884870033,1260073,2026-06-10 23:22:10
FIU-TXN-2024-000414,Noor Lala,AXIS-5669247679,612525,2026-05-30 20:31:45
FIU-TXN-2024-000415,Iqbal Gowda,AXIS-3895942615,1393244,2026-02-21 18:58:21
FIU-TXN-2024-000416,Arjun Chavan,PUNB-7344089001,1246806,2026-05-24 12:35:11
FIU-TXN-2024-000417,Chethan Sayed,HDFC-7212358890,564497,2025-06-28 22:14:15
FIU-TXN-2024-000418,Suresh Lala,HDFC-4006967836,776481,2026-03-15 21:17:10
FIU-TXN-2024-000419,Abdul Rao,PUNB-5428284736,1000703,2026-09-04 08:54:58
FIU-TXN-2024-000420,Ajay Sawant,AXIS-4578106679,223277,2026-05-09 15:48:56
FIU-TXN-2024-000421,Prashanth Ansari,SBIN-3876744133,774308,2025-11-17 22:29:20
FIU-TXN-2024-000422,Salim Gowda,SBIN-7887500707,853444,2025-12-31 19:11:57
FIU-TXN-2024-000423,Manoj Reddy,AXIS-6533985796,1410815,2026-02-10 14:55:13
FIU-TXN-2024-000424,Shreedhar Bhat,PUNB-2619839194,715443,2026-03-17 18:59:20
FIU-TXN-2024-000425,Shreedhar Sayed,KKBK-4888153091,431799,2025-12-09 19:36:21
FIU-TXN-2024-000426,Ganesh Jadhav,SBIN-6229863929,930529,2026-09-01 23:28:55
FIU-TXN-2024-000427,Rajesh Patil,PUNB-7631677669,1382278,2025-12-16 22:33:56
FIU-TXN-2024-000428,Prakash Naik,AXIS-3891662439,533294,2025-08-06 15:21:22
FIU-TXN-2024-000429,Kiran Shaikh,ICIC-6795379896,409710,2026-04-19 23:24:20
FIU-TXN-2024-000430,Anil Mirajkar,KKBK-6062337270,100546,2026-08-26 20:19:58
FIU-TXN-2024-000431,Tariq Bijapur,KKBK-3702984056,305394,2025-06-21 09:32:59
FIU-TXN-2024-000432,Prakash Bhat,PUNB-1538257858,144964,2025-05-24 20:36:12
FIU-TXN-2024-000433,Salim Kamath,ICIC-4694757849,880575,2026-04-16 12:26:28
FIU-TXN-2024-000434,Noor Shetty,ICIC-8993506847,167397,2025-08-22 21:49:29
FIU-TXN-2024-000435,Basavaraj Rao,HDFC-9248844072,1341912,2025-05-31 19:52:53
FIU-TXN-2024-000436,Deepak Reddy,AXIS-4282260983,415761,2026-07-24 08:21:45
FIU-TXN-2024-000437,Arjun Inamdar,HDFC-1021391866,293423,2025-07-27 22:48:12
FIU-TXN-2024-000438,Noor Ansari,AXIS-3704088773,949693,2026-01-29 13:13:49
FIU-TXN-2024-000439,Tariq Kulkarni,KKBK-1375686411,1257528,2025-12-11 08:14:43
FIU-TXN-2024-000440,Anil Lala,PUNB-8075950686,913555,2026-02-04 12:11:58
FIU-TXN-2024-000441,Girish Mirajkar,SBIN-4952332524,1066963,2026-01-12 08:34:17
FIU-TXN-2024-000442,Raghavendra Reddy,SBIN-7328433837,332818,2026-03-13 18:50:33
FIU-TXN-2024-000443,Mahesh Shinde,ICIC-8678165506,1434094,2025-06-07 08:41:20
FIU-TXN-2024-000444,Sachin Kamath,KKBK-1999888772,1243375,2025-06-23 15:22:19
FIU-TXN-2024-000445,Basavaraj Rao,SBIN-4606827720,195769,2025-05-18 08:29:41
FIU-TXN-2024-000446,Salim Patil,HDFC-8571408910,560831,2025-07-02 21:51:35
FIU-TXN-2024-000447,Noor Mirajkar,KKBK-6852326682,725367,2026-01-04 15:12:46
FIU-TXN-2024-000448,Girish Shetty,KKBK-1743850368,430576,2025-11-18 23:58:56
FIU-TXN-2024-000449,Chethan Hegde,AXIS-7372298717,1022569,2026-07-26 08:31:59
FIU-TXN-2024-000450,Farhan Reddy,KKBK-1948986277,457268,2026-09-03 20:55:59
FIU-TXN-2024-000451,Vijay Deshmukh,ICIC-6014801250,1310692,2025-10-18 23:18:27
FIU-TXN-2024-000452,Imran Jadhav,KKBK-1189878805,129652,2026-04-27 23:41:10
FIU-TXN-2024-000453,Arjun Shetty,PUNB-5952744659,836590,2025-12-30 16:27:13
FIU-TXN-2024-000454,Khaleel Bhat,HDFC-1750210579,808562,2025-12-21 16:39:59
FIU-TXN-2024-000455,Salim Deshmukh,HDFC-9590987839,1481312,2026-08-14 13:19:17
FIU-TXN-2024-000456,Iqbal Jadhav,PUNB-4346198029,1418229,2025-11-21 14:45:22
FIU-TXN-2024-000457,Abdul Bhat,AXIS-1393020083,388377,2025-05-17 23:53:17
FIU-TXN-2024-000458,Naveen Sayed,HDFC-9045434737,728509,2026-08-20 16:27:29
FIU-TXN-2024-000459,Kiran Siddiqui,HDFC-4166904153,1461918,2025-12-28 23:50:25
FIU-TXN-2024-000460,Mustafa Khan,KKBK-5722297548,698230,2025-12-10 21:21:12
FIU-TXN-2024-000461,Irfan Chavan,ICIC-8587006869,1208633,2026-06-22 20:43:29
FIU-TXN-2024-000462,Anil Chavan,KKBK-8811605110,766904,2026-05-11 16:53:40
FIU-TXN-2024-000463,Ramesh Patil,KKBK-9314516578,828554,2026-06-05 20:49:16
FIU-TXN-2024-000464,Mohammad Reddy,HDFC-8554944003,729168,2026-05-24 22:57:47
FIU-TXN-2024-000465,Kishore Jadhav,SBIN-2243269150,1293423,2026-07-17 15:11:55
FIU-TXN-2024-000466,Suresh Khan,AXIS-3196157855,772226,2025-05-30 16:35:51
FIU-TXN-2024-000467,Kishore Patil,KKBK-6703879448,977132,2025-11-29 15:44:39
FIU-TXN-2024-000468,Vikram Jadhav,KKBK-8228849891,325084,2026-06-30 16:23:37
FIU-TXN-2024-000469,Sanjay Shinde,KKBK-2423870255,909104,2026-02-21 10:43:18
FIU-TXN-2024-000470,Rajesh Naik,HDFC-5006695909,501136,2025-12-16 08:46:51
FIU-TXN-2024-000471,Dinesh Sayed,AXIS-7767123456,134508,2026-04-26 11:48:48
FIU-TXN-2024-000472,Iqbal Sawant,ICIC-1509177857,531488,2026-09-15 21:50:59
FIU-TXN-2024-000473,Shreedhar Lala,ICIC-5535944466,917413,2025-10-22 11:20:40
FIU-TXN-2024-000474,Kiran Ansari,KKBK-8271675150,1164585,2025-07-15 08:35:43
FIU-TXN-2024-000475,Deepak Gowda,HDFC-6090958551,1371576,2026-04-16 11:35:48
FIU-TXN-2024-000476,Mohammad Naik,SBIN-4200477421,206264,2025-06-10 15:19:40
FIU-TXN-2024-000477,Iqbal Memon,HDFC-9034359219,902689,2026-01-19 21:16:11
FIU-TXN-2024-000478,Basavaraj Pawar,SBIN-4897005635,770270,2025-11-01 11:11:58
FIU-TXN-2024-000479,Arjun Lala,KKBK-1407903246,1428080,2026-05-30 14:52:43
FIU-TXN-2024-000480,Sachin Sayed,SBIN-1554471380,312251,2025-09-29 17:21:39
FIU-TXN-2024-000481,Irfan Khan,SBIN-4101564628,456284,2025-09-17 11:44:27
FIU-TXN-2024-000482,Raghavendra Kamath,KKBK-9237418233,1110686,2025-10-14 18:24:29
FIU-TXN-2024-000483,Imran Bijapur,SBIN-2256796824,760438,2025-06-29 10:48:19
FIU-TXN-2024-000484,Tariq Inamdar,KKBK-1348621365,929546,2025-12-15 16:16:51
FIU-TXN-2024-000485,Mohammad Patil,ICIC-7248579198,1316653,2026-02-24 23:53:16
FIU-TXN-2024-000486,Santosh Deshmukh,HDFC-7568459082,73602,2026-07-05 13:40:25
FIU-TXN-2024-000487,Basavaraj Naik,ICIC-2567438738,698205,2025-06-28 12:31:14
FIU-TXN-2024-000488,Manjunath Bhat,PUNB-7682631891,941221,2026-03-28 13:36:32
FIU-TXN-2024-000489,Naveen Hegde,KKBK-6862071475,616965,2025-11-12 13:26:13
FIU-TXN-2024-000490,Noor Deshmukh,AXIS-2494374453,281040,2026-01-20 08:30:37
FIU-TXN-2024-000491,Dinesh Deshmukh,AXIS-1365468748,750558,2026-04-29 17:32:46
FIU-TXN-2024-000492,Vijay Memon,KKBK-1063139188,75841,2026-05-16 19:17:25
FIU-TXN-2024-000493,Basavaraj Deshmukh,KKBK-4118925885,705623,2025-05-23 22:39:58
FIU-TXN-2024-000494,Shreedhar Qureshi,HDFC-6842734399,1445811,2025-10-16 14:30:25
FIU-TXN-2024-000495,Sunil Kadam,PUNB-5450191787,337053,2026-05-24 19:56:41
FIU-TXN-2024-000496,Mohammad Pawar,HDFC-9364353123,134883,2026-09-13 21:33:32
FIU-TXN-2024-000497,Vikram Patil,ICIC-9709108392,1091103,2025-05-23 11:22:39
FIU-TXN-2024-000498,Noor Kadam,AXIS-2730672095,582665,2025-05-08 14:37:19
FIU-TXN-2024-000499,Dinesh Lala,SBIN-5014026534,53302,2025-12-10 17:22:50
FIU-TXN-2024-000500,Noor Patil,KKBK-3004930945,622670,2026-03-12 09:29:39
