crime_no,suspect_full_name,alias_or_nickname,phone,rto_vehicle_number,fir_brief
KA-2023-SHV-0412,Aslam Bhai,,+91-9876543210,KA-01-MJ-9912,"Hawala & Unexplained High Value Transfers | 120B, 420 IPC | Shivajinagar PS"
KA-2023-BEL-0188,Suresh Shetty,,+91-9845012390,MH-12-DE-1001,"Inter-State Smuggling & Transit Logistics | 120B, 379 IPC | Market PS"
KA-2023-BLR-0651,Iqbal Painter,,+91-9811223344,KA-03-TR-5510,"Document Forgery & Fake Vehicle Registration | 468, 471, 420 IPC | Commercial Street PS"
KA-2024-COT-0081,Farhan Sheikh,,+91-9988771122,KA-05-AB-7711,"Hawala Cash Distribution & Courier Syndicate | 120B, 420 IPC | Cottonpet PS"
KA-2023-BAN-0005,Farhan Jadhav,,+91-9941964543,KA-34-BC-6632,"Hawala & Money Laundering | 420, 120B IPC | Commercial Street PS"
KA-2023-BAN-0006,Ajay Qureshi,,+91-9367873712,KA-14-EF-8059,"Extortion & Robbery | 384, 392 IPC | Shivajinagar PS"
KA-2023-BAN-0007,Vijay Shetty,,+91-9844277869,KA-28-AB-4143,"Narcotics Trafficking | 8, 20, 29 NDPS Act | Shivajinagar PS"
KA-2023-BEL-0008,Anil Chavan,,+91-7035961846,KA-09-LM-7160,"Hawala & Money Laundering | 420, 120B IPC | Khade Bazar PS"
KA-2023-HUB-0009,Irfan Deshmukh,,+91-7796416373,KA-10-JK-7587,"Hawala & Money Laundering | 420, 120B IPC | Sub-Urban PS"
KA-2023-BEL-0010,Ramesh Reddy,,+91-9743129222,KA-23-BC-2868,"Arms Act & Gang Violence | 307 IPC, 25 Arms Act | Khade Bazar PS"
KA-2023-MYS-0011,Dinesh Siddiqui,,+91-8891690271,KA-34-EF-2244,"Arms Act & Gang Violence | 307 IPC, 25 Arms Act | Lashkar PS"
KA-2023-BAN-0012,Imran Pawar,,+91-7727192989,KA-43-GH-5174,"Hawala & Money Laundering | 420, 120B IPC | Cottonpet PS"
KA-2023-MYS-0013,Sachin Khan,,+91-7079708950,KA-01-CD-9980,"Narcotics Trafficking | 8, 20, 29 NDPS Act | Lashkar PS"
KA-2023-BAN-0014,Nasir Qureshi,,+91-9781325101,KA-14-JK-1343,"Smuggling & Contraband | 135 Customs Act, 120B IPC | Shivajinagar PS"
KA-2023-HUB-0015,Prakash Jadhav,,+91-9915971765,KA-25-EF-3619,"Hawala & Money Laundering | 420, 120B IPC | Sub-Urban PS"
KA-2023-BAN-0016,Ajay Rao,,+91-8761015616,KA-22-GH-2943,"Narcotics Trafficking | 8, 20, 29 NDPS Act | Shivajinagar PS"
KA-2023-HUB-0017,Farhan Pawar,,+91-8729510899,KA-04-AB-7527,"Hawala & Money Laundering | 420, 120B IPC | Sub-Urban PS"
KA-2023-BAN-0018,Arjun Rao,,+91-8889350110,KA-16-EF-3603,"Narcotics Trafficking | 8, 20, 29 NDPS Act | Cottonpet PS"
KA-2023-BAN-0019,Santosh Rao,,+91-7711373781,KA-43-DE-8265,"Arms Act & Gang Violence | 307 IPC, 25 Arms Act | Shivajinagar PS"
KA-2023-KAL-0020,Rajesh Naik,,+91-8752102333,KA-26-DE-5156,"Narcotics Trafficking | 8, 20, 29 NDPS Act | Kalaburagi City PS"
KA-2023-MYS-0021,Anil Shetty,,+91-9820640078,KA-47-EF-6494,"Cyber Fraud & Syndicate Operations | 419, 420 IPC, 66D IT Act | Devaraja PS"
KA-2023-BAN-0022,Ganesh Shaikh,,+91-9955283136,KA-35-LM-4409,"Extortion & Robbery | 384, 392 IPC | Commercial Street PS"
KA-2023-MAN-0023,Imran Sayed,,+91-7763009778,KA-07-BC-1715,"Smuggling & Contraband | 135 Customs Act, 120B IPC | Bunder PS"
KA-2023-HUB-0024,Mahesh Siddiqui,,+91-8729860310,KA-05-DE-2811,"Smuggling & Contraband | 135 Customs Act, 120B IPC | Sub-Urban PS"
KA-2023-HUB-0025,Sunil Deshmukh,,+91-9747656449,KA-23-CD-5595,"Extortion & Robbery | 384, 392 IPC | Sub-Urban PS"
KA-2023-MYS-0026,Mahesh Khan,,+91-9358350421,KA-17-EF-1124,"Extortion & Robbery | 384, 392 IPC | Devaraja PS"
KA-2023-MYS-0027,Salim Kamath,,+91-7716115410,KA-16-AB-2301,"Arms Act & Gang Violence | 307 IPC, 25 Arms Act | Devaraja PS"
KA-2023-MAN-0028,Sunil Kadam,,+91-7018420255,KA-15-LM-9346,"Narcotics Trafficking | 8, 20, 29 NDPS Act | Bunder PS"
KA-2023-KAL-0029,Kiran Siddiqui,,+91-7088295328,KA-12-JK-1546,"Arms Act & Gang Violence | 307 IPC, 25 Arms Act | Kalaburagi City PS"
KA-2023-MYS-0030,Manoj Sawant,,+91-7739972307,KA-48-AB-6111,"Arms Act & Gang Violence | 307 IPC, 25 Arms Act | Lashkar PS"
KA-2023-BAN-0031,Salim Bhat,,+91-9310337026,KA-10-BC-9115,"Arms Act & Gang Violence | 307 IPC, 25 Arms Act | Shivajinagar PS"
KA-2023-BEL-0032,Sunil Khan,,+91-9830132984,KA-45-CD-2604,"Narcotics Trafficking | 8, 20, 29 NDPS Act | Market PS"
KA-2023-BAN-0033,Anil Sawant,,+91-7096619108,KA-38-BC-9920,"Narcotics Trafficking | 8, 20, 29 NDPS Act | Cottonpet PS"
KA-2023-KAL-0034,Kishore Khan,,+91-9970117831,KA-30-DE-2094,"Extortion & Robbery | 384, 392 IPC | Kalaburagi City PS"
KA-2023-MYS-0035,Amit Naik,,+91-8754200858,KA-07-JK-1904,"Cyber Fraud & Syndicate Operations | 419, 420 IPC, 66D IT Act | Lashkar PS"
KA-2023-HUB-0036,Mohammad Khan,,+91-8714564889,KA-17-BC-6737,"Hawala & Money Laundering | 420, 120B IPC | Sub-Urban PS"
KA-2023-BAN-0037,Salim Jadhav,,+91-8716721459,KA-19-GH-8646,"Cyber Fraud & Syndicate Operations | 419, 420 IPC, 66D IT Act | Cottonpet PS"
KA-2023-MYS-0038,Manoj Kamath,,+91-8746002673,KA-34-LM-1204,"Extortion & Robbery | 384, 392 IPC | Lashkar PS"
KA-2023-BEL-0039,Imran Pathan,,+91-9728109762,KA-40-BC-8027,"Narcotics Trafficking | 8, 20, 29 NDPS Act | Khade Bazar PS"
KA-2023-BAN-0040,Tariq Pathan,,+91-7049197093,KA-40-DE-3093,"Narcotics Trafficking | 8, 20, 29 NDPS Act | Shivajinagar PS"
KA-2023-BEL-0041,Shakeel Shetty,,+91-7735528177,KA-25-DE-7700,"Extortion & Robbery | 384, 392 IPC | Market PS"
KA-2023-BAN-0042,Irfan Pathan,,+91-7720377002,KA-05-JK-2161,"Narcotics Trafficking | 8, 20, 29 NDPS Act | Commercial Street PS"
KA-2023-BEL-0043,Dinesh Jadhav,,+91-9894791572,KA-34-LM-2087,"Hawala & Money Laundering | 420, 120B IPC | Market PS"
KA-2023-KAL-0044,Dinesh Qureshi,,+91-9822160173,KA-24-EF-5956,"Smuggling & Contraband | 135 Customs Act, 120B IPC | Kalaburagi City PS"
KA-2023-BAN-0045,Sachin Hegde,,+91-9880264211,KA-07-BC-6700,"Smuggling & Contraband | 135 Customs Act, 120B IPC | Cottonpet PS"
KA-2023-BEL-0046,Prakash Hegde,,+91-9329977658,KA-12-JK-1844,"Arms Act & Gang Violence | 307 IPC, 25 Arms Act | Market PS"
KA-2023-BAN-0047,Imran Hegde,,+91-9760483146,KA-18-JK-1334,"Cyber Fraud & Syndicate Operations | 419, 420 IPC, 66D IT Act | Commercial Street PS"
KA-2023-HUB-0048,Manoj Memon,,+91-9958456787,KA-41-CD-1622,"Extortion & Robbery | 384, 392 IPC | Sub-Urban PS"
KA-2023-BEL-0049,Nasir Rao,,+91-7020779791,KA-02-EF-2991,"Extortion & Robbery | 384, 392 IPC | Market PS"
KA-2023-HUB-0050,Tariq Chavan,,+91-9725928335,KA-32-GH-2618,"Cyber Fraud & Syndicate Operations | 419, 420 IPC, 66D IT Act | Sub-Urban PS"
KA-2023-MYS-0051,Rahul Pawar,,+91-8815101416,KA-14-DE-8794,"Hawala & Money Laundering | 420, 120B IPC | Devaraja PS"
KA-2023-BAN-0052,Vikram Kadam,,+91-9740930714,KA-24-CD-6810,"Smuggling & Contraband | 135 Customs Act, 120B IPC | Cottonpet PS"
KA-2023-MYS-0053,Mohammad Pawar,,+91-7078781998,KA-05-DE-4773,"Cyber Fraud & Syndicate Operations | 419, 420 IPC, 66D IT Act | Devaraja PS"
KA-2023-KAL-0054,Pradeep Sawant,,+91-9991072614,KA-19-BC-9184,"Extortion & Robbery | 384, 392 IPC | Kalaburagi City PS"
KA-2023-MYS-0055,Ramesh Qureshi,,+91-9991224822,KA-36-BC-9754,"Hawala & Money Laundering | 420, 120B IPC | Lashkar PS"
KA-2023-HUB-0056,Shakeel Gowda,,+91-8822582959,KA-46-GH-1149,"Extortion & Robbery | 384, 392 IPC | Sub-Urban PS"
KA-2023-BEL-0057,Kishore Sawant,,+91-9769099234,KA-07-CD-8152,"Narcotics Trafficking | 8, 20, 29 NDPS Act | Market PS"
KA-2023-BAN-0058,Farhan Shaikh,,+91-9931436560,KA-01-CD-4338,"Extortion & Robbery | 384, 392 IPC | Shivajinagar PS"
KA-2023-KAL-0059,Vikram Ansari,,+91-8842322346,KA-47-EF-7559,"Extortion & Robbery | 384, 392 IPC | Kalaburagi City PS"
KA-2023-MYS-0060,Rahul Pawar,,+91-9917949957,KA-40-EF-6433,"Arms Act & Gang Violence | 307 IPC, 25 Arms Act | Devaraja PS"
KA-2023-MYS-0061,Ramesh Qureshi,,+91-8731387360,KA-34-LM-6075,"Extortion & Robbery | 384, 392 IPC | Lashkar PS"
KA-2023-BEL-0062,Pradeep Khan,,+91-9744296544,KA-43-BC-8796,"Arms Act & Gang Violence | 307 IPC, 25 Arms Act | Market PS"
KA-2023-BAN-0063,Imran Deshmukh,,+91-7767454370,KA-05-EF-9919,"Hawala & Money Laundering | 420, 120B IPC | Shivajinagar PS"
KA-2023-BAN-0064,Shakeel Chavan,,+91-9975853606,KA-06-GH-9734,"Hawala & Money Laundering | 420, 120B IPC | Cottonpet PS"
KA-2023-BAN-0065,Arjun Jadhav,,+91-9875504633,KA-25-DE-3565,"Narcotics Trafficking | 8, 20, 29 NDPS Act | Shivajinagar PS"
KA-2023-HUB-0066,Nasir Gowda,,+91-7067835722,KA-11-GH-7323,"Arms Act & Gang Violence | 307 IPC, 25 Arms Act | Sub-Urban PS"
KA-2023-MYS-0067,Imran Reddy,,+91-8722493906,KA-23-GH-4580,"Narcotics Trafficking | 8, 20, 29 NDPS Act | Lashkar PS"
KA-2023-BEL-0068,Prakash Chavan,,+91-9788327542,KA-27-CD-3796,"Extortion & Robbery | 384, 392 IPC | Khade Bazar PS"
KA-2023-BAN-0069,Prakash Chavan,,+91-7063198796,KA-10-BC-3690,"Cyber Fraud & Syndicate Operations | 419, 420 IPC, 66D IT Act | Commercial Street PS"
KA-2023-BEL-0070,Tariq Patil,,+91-8723849215,KA-35-GH-5872,"Smuggling & Contraband | 135 Customs Act, 120B IPC | Market PS"
KA-2023-MYS-0071,Salim Hegde,,+91-9946885597,KA-26-BC-5565,"Hawala & Money Laundering | 420, 120B IPC | Lashkar PS"
KA-2023-MAN-0072,Prakash Sayed,,+91-9331637658,KA-06-BC-3163,"Arms Act & Gang Violence | 307 IPC, 25 Arms Act | Bunder PS"
KA-2023-MYS-0073,Salim Ansari,,+91-9967660157,KA-08-BC-2895,"Smuggling & Contraband | 135 Customs Act, 120B IPC | Lashkar PS"
KA-2023-BAN-0074,Imran Shaikh,,+91-9966611325,KA-17-BC-1849,"Extortion & Robbery | 384, 392 IPC | Cottonpet PS"
KA-2023-BEL-0075,Kishore Kadam,,+91-8728705970,KA-28-GH-4125,"Extortion & Robbery | 384, 392 IPC | Market PS"
KA-2023-BEL-0076,Deepak Sayed,,+91-7761096173,KA-20-LM-6107,"Cyber Fraud & Syndicate Operations | 419, 420 IPC, 66D IT Act | Market PS"
KA-2023-BAN-0077,Sachin Chavan,,+91-8772007902,KA-10-CD-2335,"Extortion & Robbery | 384, 392 IPC | Commercial Street PS"
KA-2023-BAN-0078,Ramesh Hegde,,+91-7025580331,KA-40-LM-2191,"Smuggling & Contraband | 135 Customs Act, 120B IPC | Commercial Street PS"
KA-2023-BEL-0079,Anil Naik,,+91-9943910497,KA-23-CD-9500,"Arms Act & Gang Violence | 307 IPC, 25 Arms Act | Khade Bazar PS"
KA-2023-MAN-0080,Pradeep Khan,,+91-7772396837,KA-21-CD-6283,"Arms Act & Gang Violence | 307 IPC, 25 Arms Act | Bunder PS"
KA-2023-MYS-0081,Suresh Ansari,,+91-8716005008,KA-31-JK-3138,"Arms Act & Gang Violence | 307 IPC, 25 Arms Act | Lashkar PS"
KA-2023-MYS-0082,Shakeel Siddiqui,,+91-9316107136,KA-29-LM-5804,"Hawala & Money Laundering | 420, 120B IPC | Devaraja PS"
KA-2023-MYS-0083,Anil Sawant,,+91-7018987226,KA-45-AB-6363,"Extortion & Robbery | 384, 392 IPC | Devaraja PS"
KA-2023-BEL-0084,Anil Siddiqui,,+91-7042867563,KA-44-AB-4858,"Cyber Fraud & Syndicate Operations | 419, 420 IPC, 66D IT Act | Market PS"
KA-2023-BAN-0085,Shakeel Hegde,,+91-7760214256,KA-47-CD-7682,"Arms Act & Gang Violence | 307 IPC, 25 Arms Act | Shivajinagar PS"
KA-2023-BAN-0086,Rajesh Khan,,+91-9773172340,KA-11-DE-5375,"Narcotics Trafficking | 8, 20, 29 NDPS Act | Commercial Street PS"
KA-2023-BAN-0087,Kishore Hegde,,+91-8781677609,KA-43-BC-2675,"Hawala & Money Laundering | 420, 120B IPC | Cottonpet PS"
KA-2023-BAN-0088,Imran Rao,,+91-9328561360,KA-42-LM-9841,"Cyber Fraud & Syndicate Operations | 419, 420 IPC, 66D IT Act | Shivajinagar PS"
KA-2023-MYS-0089,Nasir Qureshi,,+91-7010000798,KA-32-DE-2311,"Narcotics Trafficking | 8, 20, 29 NDPS Act | Devaraja PS"
KA-2023-MYS-0090,Arjun Patil,,+91-8836868997,KA-04-BC-5007,"Cyber Fraud & Syndicate Operations | 419, 420 IPC, 66D IT Act | Lashkar PS"
KA-2023-BAN-0091,Manoj Gowda,,+91-7036046821,KA-05-DE-5344,"Extortion & Robbery | 384, 392 IPC | Cottonpet PS"
KA-2023-BAN-0092,Mahesh Sawant,,+91-9337059914,KA-26-LM-3167,"Arms Act & Gang Violence | 307 IPC, 25 Arms Act | Shivajinagar PS"
KA-2023-BAN-0093,Sachin Rao,,+91-9992228896,KA-15-JK-7300,"Hawala & Money Laundering | 420, 120B IPC | Shivajinagar PS"
KA-2023-KAL-0094,Rajesh Gowda,,+91-7073252765,KA-18-LM-7737,"Hawala & Money Laundering | 420, 120B IPC | Kalaburagi City PS"
KA-2023-BEL-0095,Prakash Shetty,,+91-7771729012,KA-18-BC-5719,"Cyber Fraud & Syndicate Operations | 419, 420 IPC, 66D IT Act | Khade Bazar PS"
KA-2023-MYS-0096,Salim Naik,,+91-9328169757,KA-32-AB-5032,"Narcotics Trafficking | 8, 20, 29 NDPS Act | Lashkar PS"
KA-2023-HUB-0097,Kiran Pathan,,+91-7763570843,KA-47-LM-2151,"Smuggling & Contraband | 135 Customs Act, 120B IPC | Sub-Urban PS"
KA-2023-MYS-0098,Nasir Rao,,+91-9794124202,KA-24-EF-6057,"Extortion & Robbery | 384, 392 IPC | Devaraja PS"
KA-2023-KAL-0099,Sunil Gowda,,+91-7766016648,KA-07-EF-6587,"Smuggling & Contraband | 135 Customs Act, 120B IPC | Kalaburagi City PS"
KA-2023-KAL-0100,Kiran Jadhav,,+91-7797659174,KA-38-GH-4106,"Extortion & Robbery | 384, 392 IPC | Kalaburagi City PS"
KA-2023-HUB-0101,Deepak Ansari,,+91-7012465192,KA-03-EF-1596,"Hawala & Money Laundering | 420, 120B IPC | Sub-Urban PS"
KA-2023-KAL-0102,Kishore Kamath,,+91-8856113119,KA-40-CD-3633,"Cyber Fraud & Syndicate Operations | 419, 420 IPC, 66D IT Act | Kalaburagi City PS"
KA-2023-BEL-0103,Shakeel Khan,,+91-7049718165,KA-42-JK-1904,"Hawala & Money Laundering | 420, 120B IPC | Khade Bazar PS"
KA-2023-BEL-0104,Farhan Patil,,+91-9777068533,KA-25-GH-6506,"Cyber Fraud & Syndicate Operations | 419, 420 IPC, 66D IT Act | Market PS"
KA-2023-MYS-0105,Manoj Memon,,+91-8887160780,KA-24-GH-2593,"Smuggling & Contraband | 135 Customs Act, 120B IPC | Devaraja PS"
KA-2023-MAN-0106,Tariq Shaikh,,+91-9949515208,KA-40-LM-9511,"Narcotics Trafficking | 8, 20, 29 NDPS Act | Bunder PS"
KA-2023-BAN-0107,Arjun Ansari,,+91-9314970125,KA-29-EF-3363,"Arms Act & Gang Violence | 307 IPC, 25 Arms Act | Commercial Street PS"
KA-2023-HUB-0108,Tariq Shetty,,+91-8772377759,KA-08-JK-4387,"Extortion & Robbery | 384, 392 IPC | Sub-Urban PS"
KA-2023-BEL-0109,Prakash Gowda,,+91-7779601925,KA-38-EF-1443,"Cyber Fraud & Syndicate Operations | 419, 420 IPC, 66D IT Act | Market PS"
KA-2023-KAL-0110,Mohammad Jadhav,,+91-7075066842,KA-31-AB-5365,"Arms Act & Gang Violence | 307 IPC, 25 Arms Act | Kalaburagi City PS"
KA-2023-HUB-0111,Pradeep Hegde,,+91-9992726861,KA-39-BC-8197,"Cyber Fraud & Syndicate Operations | 419, 420 IPC, 66D IT Act | Sub-Urban PS"
KA-2023-BAN-0112,Ganesh Deshmukh,,+91-8744318138,KA-15-BC-9933,"Hawala & Money Laundering | 420, 120B IPC | Cottonpet PS"
KA-2023-MAN-0113,Ajay Shetty,,+91-9916407250,KA-15-JK-4423,"Cyber Fraud & Syndicate Operations | 419, 420 IPC, 66D IT Act | Bunder PS"
KA-2023-KAL-0114,Imran Ansari,,+91-8755092431,KA-19-DE-2700,"Hawala & Money Laundering | 420, 120B IPC | Kalaburagi City PS"
KA-2023-BEL-0115,Pradeep Pathan,,+91-7754661940,KA-02-DE-7234,"Smuggling & Contraband | 135 Customs Act, 120B IPC | Khade Bazar PS"
KA-2023-KAL-0116,Deepak Kadam,,+91-8875448258,KA-11-AB-7093,"Narcotics Trafficking | 8, 20, 29 NDPS Act | Kalaburagi City PS"
KA-2023-BAN-0117,Amit Rao,,+91-9828294954,KA-10-EF-7821,"Cyber Fraud & Syndicate Operations | 419, 420 IPC, 66D IT Act | Cottonpet PS"
KA-2023-BEL-0118,Prakash Pathan,,+91-7725906516,KA-27-GH-9284,"Hawala & Money Laundering | 420, 120B IPC | Market PS"
KA-2023-BAN-0119,Deepak Rao,,+91-9717242770,KA-32-GH-5861,"Cyber Fraud & Syndicate Operations | 419, 420 IPC, 66D IT Act | Commercial Street PS"
KA-2023-HUB-0120,Ganesh Khan,,+91-8718387893,KA-37-AB-5997,"Hawala & Money Laundering | 420, 120B IPC | Sub-Urban PS"
