transaction_id,sender_name,sender_account,receiver_name,receiver_account,amount_inr,flag_reason,timestamp
TXN-FIU-10001,Mohd. Aslam,SBI-9928100234,Vikram Jadhav,HDFC-1092837482,1500000.0,High Value Cash Layering,2026-05-05 17:02:39
TXN-FIU-10002,Vikram Jadhav,HDFC-1092837482,Suresh Shetty,CAN-5582910293,1250000.0,Transit Escrow Split,2026-06-18 17:02:39
TXN-FIU-10003,Suresh Shetty,CAN-5582910293,Farhan Sheikh,AXIS-7719203918,1100000.0,Inter-State Hawala Remittance,2026-05-02 17:02:39
TXN-FIU-10004,Farhan Sheikh,AXIS-7719203918,Aslam Bhai,ICICI-8819201920,950000.0,Dispersal to Beneficiary Alias,2026-04-19 17:02:39
TXN-FIU-10005,Mohd. Aslam,SBI-9928100234,Mohd. Iqbal,PNB-4419201938,450000.0,Shell Company Equipment Rent,2026-04-25 17:02:39
TXN-FIU-10006,Farhan Rao,SBI-3468031896,Deepak Shinde,PNB-9365869572,2965694.76,Dormant Account Spike,2024-12-25 17:02:39
TXN-FIU-10007,Sachin Jadhav,ICICI-4578876947,Sachin Bhat,SBI-5974215344,2665572.0,Structured Deposits <50k,2025-06-03 17:02:39
TXN-FIU-10008,Mohammad Pathan,HDFC-8256999095,Kiran Shaikh,SBI-4039334792,2450305.74,High-Risk Geography Outflow,2025-05-16 17:02:39
TXN-FIU-10009,Deepak Jadhav,AXIS-4878918851,Ganesh Kamath,SBI-7801787051,958832.7,Round Trip Transactions,2025-06-13 17:02:39
TXN-FIU-10010,Amit Patil,SBI-4842184662,Anil Rao,SBI-5974215344,2146232.37,Dormant Account Spike,2024-12-13 17:02:39
TXN-FIU-10011,Vijay Ansari,SBI-7801787051,Tariq Jadhav,PNB-7501469094,416357.5,Structured Deposits <50k,2025-01-12 17:02:39
TXN-FIU-10012,Ajay Naik,AXIS-2966343247,Sanjay Ansari,AXIS-6937449151,3153442.58,Rapid Succession Transfers,2026-04-22 17:02:39
TXN-FIU-10013,Vijay Gowda,SBI-3468031896,Mohammad Shaikh,HDFC-1665602135,638782.51,Rapid Succession Transfers,2025-04-07 17:02:39
TXN-FIU-10014,Sachin Jadhav,AXIS-2966343247,Nasir Pathan,HDFC-1665602135,1135119.67,High-Risk Geography Outflow,2026-05-01 17:02:39
TXN-FIU-10015,Manoj Qureshi,SBI-2530322647,Nasir Chavan,PNB-9365869572,3425998.63,High-Risk Geography Outflow,2026-08-15 17:02:39
TXN-FIU-10016,Santosh Shetty,HDFC-9986910988,Mohammad Sayed,ICICI-7836464312,2006422.5,Dormant Account Spike,2025-09-22 17:02:39
TXN-FIU-10017,Anil Siddiqui,SBI-4842184662,Sanjay Jadhav,SBI-5974215344,3126739.65,Dormant Account Spike,2025-03-21 17:02:39
TXN-FIU-10018,Tariq Sawant,AXIS-2849280305,Santosh Reddy,SBI-3827283732,2129914.83,High-Risk Geography Outflow,2024-12-29 17:02:39
TXN-FIU-10019,Rahul Kamath,SBI-8924595680,Sunil Siddiqui,AXIS-6937449151,126000.15,Round Trip Transactions,2026-08-20 17:02:39
TXN-FIU-10020,Kiran Hegde,HDFC-3598603170,Dinesh Shinde,HDFC-7132104683,62991.87,High-Risk Geography Outflow,2025-12-10 17:02:39
TXN-FIU-10021,Mohammad Siddiqui,ICICI-6529253100,Salim Khan,HDFC-1665602135,458682.14,Dormant Account Spike,2025-05-01 17:02:39
TXN-FIU-10022,Manoj Sawant,ICICI-5114292912,Imran Siddiqui,SBI-5974215344,2297413.41,Round Trip Transactions,2024-10-01 17:02:39
TXN-FIU-10023,Santosh Chavan,SBI-5974215344,Deepak Patil,SBI-3827143375,1232720.4,Dormant Account Spike,2025-01-21 17:02:39
TXN-FIU-10024,Anil Kamath,SBI-8563566710,Suresh Chavan,AXIS-5343309815,612505.78,Round Trip Transactions,2025-12-16 17:02:39
TXN-FIU-10025,Rajesh Sawant,SBI-6645556937,Sunil Deshmukh,SBI-3468031896,1627061.33,Normal Trade Settlement,2024-10-21 17:02:39
TXN-FIU-10026,Manoj Pathan,ICICI-9110076374,Anil Jadhav,SBI-5974215344,1796512.38,Structured Deposits <50k,2024-10-13 17:02:39
TXN-FIU-10027,Vijay Qureshi,HDFC-1665602135,Tariq Siddiqui,AXIS-2117018376,967479.7,Normal Trade Settlement,2025-03-11 17:02:39
TXN-FIU-10028,Prakash Khan,ICICI-5114292912,Irfan Jadhav,AXIS-5138077601,1114663.4,Rapid Succession Transfers,2025-10-15 17:02:39
TXN-FIU-10029,Arjun Naik,SBI-3468031896,Ajay Patil,ICICI-5114292912,773387.98,Dormant Account Spike,2025-04-21 17:02:39
TXN-FIU-10030,Irfan Kamath,ICICI-8571385151,Irfan Chavan,SBI-5974215344,3231476.01,Structured Deposits <50k,2025-05-28 17:02:39
TXN-FIU-10031,Manoj Chavan,PNB-2729223616,Mohammad Hegde,PNB-7105992088,2718162.98,Dormant Account Spike,2026-06-07 17:02:39
TXN-FIU-10032,Imran Reddy,PNB-2729223616,Shakeel Reddy,ICICI-6529253100,641521.85,Normal Trade Settlement,2025-06-20 17:02:39
TXN-FIU-10033,Dinesh Rao,PNB-2729223616,Arjun Naik,PNB-9187843642,2477951.09,Round Trip Transactions,2025-02-09 17:02:39
TXN-FIU-10034,Santosh Kadam,PNB-1831413674,Nasir Chavan,SBI-4842184662,2422183.98,Rapid Succession Transfers,2024-11-25 17:02:39
TXN-FIU-10035,Suresh Rao,SBI-7607066805,Suresh Gowda,AXIS-2966343247,2310634.99,High-Risk Geography Outflow,2025-10-21 17:02:39
TXN-FIU-10036,Manoj Bhat,AXIS-4878918851,Ajay Rao,PNB-2729223616,1942856.48,High-Risk Geography Outflow,2025-12-01 17:02:39
TXN-FIU-10037,Farhan Pathan,PNB-1720603443,Shakeel Shinde,PNB-7501469094,3476598.46,Structured Deposits <50k,2025-01-19 17:02:39
TXN-FIU-10038,Prakash Hegde,PNB-2729223616,Nasir Siddiqui,PNB-7501469094,3222515.7,Normal Trade Settlement,2026-02-01 17:02:39
TXN-FIU-10039,Sanjay Naik,PNB-4878646625,Salim Kadam,PNB-2729223616,2511994.84,Normal Trade Settlement,2024-10-22 17:02:39
TXN-FIU-10040,Pradeep Hegde,SBI-3827283732,Rahul Naik,AXIS-2117018376,2029310.47,Structured Deposits <50k,2024-11-18 17:02:39
TXN-FIU-10041,Arjun Rao,SBI-3468031896,Ajay Siddiqui,PNB-9365869572,2163175.18,Dormant Account Spike,2026-01-03 17:02:39
TXN-FIU-10042,Imran Kadam,HDFC-7132104683,Sachin Sayed,ICICI-2983738352,1132479.62,Normal Trade Settlement,2025-09-29 17:02:39
TXN-FIU-10043,Rajesh Kamath,ICICI-9155855108,Irfan Hegde,SBI-5974215344,899222.98,Dormant Account Spike,2025-07-28 17:02:39
TXN-FIU-10044,Kishore Ansari,AXIS-6937449151,Rahul Shaikh,SBI-3468031896,1561112.75,Round Trip Transactions,2025-12-08 17:02:39
TXN-FIU-10045,Tariq Memon,HDFC-3598603170,Nasir Shinde,SBI-4039334792,69962.8,Dormant Account Spike,2025-08-20 17:02:39
TXN-FIU-10046,Suresh Hegde,HDFC-2230404456,Santosh Hegde,AXIS-2849280305,828406.35,Rapid Succession Transfers,2026-07-10 17:02:39
TXN-FIU-10047,Mahesh Kamath,SBI-6645556937,Tariq Shaikh,ICICI-8486450422,1152736.46,High-Risk Geography Outflow,2025-03-03 17:02:39
TXN-FIU-10048,Pradeep Kamath,SBI-7607066805,Rahul Kamath,ICICI-7836464312,1305190.38,Dormant Account Spike,2026-05-19 17:02:39
TXN-FIU-10049,Farhan Kadam,SBI-4039334792,Vijay Sayed,HDFC-9986910988,1903666.95,Normal Trade Settlement,2026-01-12 17:02:39
TXN-FIU-10050,Santosh Jadhav,SBI-4270108217,Mohammad Patil,ICICI-5114292912,3385352.33,High-Risk Geography Outflow,2025-09-01 17:02:39
TXN-FIU-10051,Kishore Siddiqui,HDFC-8256999095,Sunil Shaikh,HDFC-2230404456,936884.36,Structured Deposits <50k,2025-03-03 17:02:39
TXN-FIU-10052,Deepak Kamath,SBI-4039334792,Sachin Reddy,AXIS-5138077601,3278742.95,High-Risk Geography Outflow,2025-02-03 17:02:39
TXN-FIU-10053,Deepak Pawar,AXIS-4878918851,Farhan Naik,PNB-1831413674,2655362.62,Rapid Succession Transfers,2026-07-03 17:02:39
TXN-FIU-10054,Suresh Hegde,HDFC-1665602135,Farhan Pawar,SBI-4842184662,2484619.7,Round Trip Transactions,2026-07-14 17:02:39
TXN-FIU-10055,Salim Chavan,HDFC-1665602135,Kiran Patil,SBI-8924595680,343879.14,Structured Deposits <50k,2024-10-01 17:02:39
TXN-FIU-10056,Vijay Memon,SBI-7801787051,Salim Shetty,ICICI-4517045513,3438959.11,Round Trip Transactions,2025-07-12 17:02:39
TXN-FIU-10057,Mohammad Sawant,HDFC-8256999095,Rahul Kamath,ICICI-4578876947,3308413.92,Dormant Account Spike,2024-12-12 17:02:39
TXN-FIU-10058,Suresh Memon,SBI-4270108217,Ajay Rao,SBI-7801787051,520231.27,Structured Deposits <50k,2025-06-14 17:02:39
TXN-FIU-10059,Kiran Deshmukh,SBI-3827283732,Sunil Reddy,SBI-4842184662,2886104.5,Round Trip Transactions,2025-06-10 17:02:39
TXN-FIU-10060,Sanjay Khan,HDFC-9986910988,Kiran Shinde,AXIS-2849280305,2443008.71,High-Risk Geography Outflow,2025-09-29 17:02:39
TXN-FIU-10061,Nasir Deshmukh,SBI-2530322647,Pradeep Shetty,ICICI-8571385151,3351732.22,Normal Trade Settlement,2026-03-23 17:02:39
TXN-FIU-10062,Kishore Qureshi,PNB-1720603443,Irfan Memon,PNB-7105992088,822543.56,Dormant Account Spike,2025-03-07 17:02:39
TXN-FIU-10063,Manoj Kadam,PNB-2729223616,Sunil Jadhav,AXIS-6937449151,566961.94,Structured Deposits <50k,2026-05-16 17:02:39
TXN-FIU-10064,Rajesh Sayed,HDFC-2230404456,Arjun Ansari,HDFC-8256999095,480329.01,Normal Trade Settlement,2025-03-29 17:02:39
TXN-FIU-10065,Kishore Shinde,HDFC-8459734923,Prakash Qureshi,AXIS-4878918851,3425482.49,Round Trip Transactions,2025-12-06 17:02:39
TXN-FIU-10066,Sachin Ansari,ICICI-2983738352,Ramesh Qureshi,AXIS-2966343247,257505.33,High-Risk Geography Outflow,2026-03-19 17:02:39
TXN-FIU-10067,Rahul Kamath,HDFC-1665602135,Sunil Khan,PNB-7105992088,1255655.78,High-Risk Geography Outflow,2026-03-21 17:02:39
TXN-FIU-10068,Kiran Patil,PNB-5041977461,Ganesh Gowda,SBI-4270108217,2467921.17,Normal Trade Settlement,2026-03-06 17:02:39
TXN-FIU-10069,Sachin Chavan,HDFC-1665602135,Vijay Gowda,SBI-3468031896,1045538.53,Dormant Account Spike,2025-05-12 17:02:39
TXN-FIU-10070,Anil Shinde,HDFC-1665602135,Manoj Reddy,PNB-2593886870,1982708.23,High-Risk Geography Outflow,2024-12-17 17:02:39
TXN-FIU-10071,Ramesh Bhat,PNB-2729223616,Imran Naik,AXIS-4878918851,1449593.34,Round Trip Transactions,2026-06-18 17:02:39
TXN-FIU-10072,Vijay Hegde,PNB-5041977461,Salim Chavan,HDFC-8256999095,2519266.77,High-Risk Geography Outflow,2025-08-26 17:02:39
TXN-FIU-10073,Manoj Kadam,ICICI-7096528446,Ganesh Naik,SBI-5974215344,637973.73,Dormant Account Spike,2025-05-13 17:02:39
TXN-FIU-10074,Salim Deshmukh,SBI-9831272394,Mahesh Ansari,AXIS-4878918851,1356183.29,Round Trip Transactions,2025-01-28 17:02:39
TXN-FIU-10075,Santosh Rao,PNB-2593886870,Ajay Jadhav,SBI-9831272394,3014112.65,Normal Trade Settlement,2025-06-27 17:02:39
TXN-FIU-10076,Mahesh Hegde,AXIS-2849280305,Shakeel Chavan,PNB-2729223616,640312.69,High-Risk Geography Outflow,2025-08-20 17:02:39
TXN-FIU-10077,Vikram Pawar,PNB-7501469094,Rahul Memon,ICICI-7096528446,307909.78,Round Trip Transactions,2025-01-08 17:02:39
TXN-FIU-10078,Ganesh Hegde,AXIS-5343309815,Sachin Memon,ICICI-1236773228,1138432.94,Round Trip Transactions,2026-03-09 17:02:39
TXN-FIU-10079,Dinesh Naik,ICICI-4578876947,Ramesh Sawant,ICICI-5114292912,2637011.02,Round Trip Transactions,2026-03-08 17:02:39
TXN-FIU-10080,Prakash Bhat,AXIS-5343309815,Sachin Pathan,SBI-3468031896,2218243.9,Rapid Succession Transfers,2025-08-21 17:02:39
TXN-FIU-10081,Kishore Memon,ICICI-7836464312,Ramesh Ansari,PNB-7105992088,1421113.21,Dormant Account Spike,2025-08-25 17:02:39
TXN-FIU-10082,Dinesh Gowda,SBI-4842184662,Nasir Rao,SBI-3827143375,305197.35,High-Risk Geography Outflow,2025-08-07 17:02:39
TXN-FIU-10083,Ajay Bhat,PNB-1720603443,Mahesh Kamath,PNB-5041977461,1517114.28,Normal Trade Settlement,2025-08-26 17:02:39
TXN-FIU-10084,Kiran Gowda,PNB-9187843642,Kishore Siddiqui,SBI-7801787051,1307083.65,Round Trip Transactions,2026-03-08 17:02:39
TXN-FIU-10085,Mohammad Patil,SBI-2530322647,Suresh Reddy,ICICI-2983738352,1595698.75,Structured Deposits <50k,2026-01-10 17:02:39
TXN-FIU-10086,Ramesh Siddiqui,SBI-3827283732,Sanjay Chavan,ICICI-7096528446,1432163.62,Normal Trade Settlement,2024-10-07 17:02:39
TXN-FIU-10087,Suresh Shinde,AXIS-5343309815,Shakeel Jadhav,HDFC-8459734923,493630.88,Round Trip Transactions,2024-10-02 17:02:39
TXN-FIU-10088,Mohammad Reddy,HDFC-2230404456,Sachin Shaikh,SBI-4039334792,575454.61,High-Risk Geography Outflow,2024-12-07 17:02:39
TXN-FIU-10089,Sunil Pawar,AXIS-4878918851,Prakash Ansari,HDFC-8459734923,2010268.35,Structured Deposits <50k,2026-02-24 17:02:39
TXN-FIU-10090,Dinesh Shetty,ICICI-8571385151,Tariq Pathan,SBI-7801787051,1981193.01,Rapid Succession Transfers,2025-12-24 17:02:39
TXN-FIU-10091,Shakeel Naik,SBI-6645556937,Imran Reddy,ICICI-6529253100,1081304.42,Normal Trade Settlement,2025-02-09 17:02:39
TXN-FIU-10092,Deepak Pathan,SBI-7801787051,Ganesh Naik,AXIS-4878918851,250111.48,Rapid Succession Transfers,2025-03-16 17:02:39
TXN-FIU-10093,Ganesh Shetty,PNB-9365869572,Pradeep Shinde,SBI-3827283732,939294.42,Normal Trade Settlement,2025-04-23 17:02:39
TXN-FIU-10094,Pradeep Reddy,PNB-1720603443,Arjun Bhat,SBI-6645556937,230933.32,Dormant Account Spike,2025-10-06 17:02:39
TXN-FIU-10095,Dinesh Kamath,SBI-3468031896,Mohammad Kamath,HDFC-7132104683,2375186.13,Dormant Account Spike,2024-11-16 17:02:39
TXN-FIU-10096,Farhan Rao,ICICI-2983738352,Rahul Siddiqui,PNB-5041977461,2027069.42,Structured Deposits <50k,2025-07-18 17:02:39
TXN-FIU-10097,Farhan Khan,SBI-2530322647,Ramesh Bhat,HDFC-3598603170,616405.35,Round Trip Transactions,2025-08-05 17:02:39
TXN-FIU-10098,Mahesh Gowda,PNB-9365869572,Anil Rao,SBI-8563566710,3200011.47,Normal Trade Settlement,2026-05-04 17:02:39
TXN-FIU-10099,Deepak Shetty,ICICI-9110076374,Prakash Ansari,PNB-9187843642,1442774.81,Round Trip Transactions,2025-07-09 17:02:39
TXN-FIU-10100,Ajay Hegde,AXIS-4878918851,Farhan Pathan,PNB-9187843642,1214510.2,Normal Trade Settlement,2025-04-14 17:02:39
TXN-FIU-10101,Nasir Shinde,HDFC-7132104683,Sachin Deshmukh,PNB-9187843642,561244.8,Rapid Succession Transfers,2026-08-22 17:02:39
TXN-FIU-10102,Ajay Naik,ICICI-4517045513,Shakeel Reddy,AXIS-5343309815,1606416.11,Normal Trade Settlement,2025-08-19 17:02:39
TXN-FIU-10103,Shakeel Khan,HDFC-3598603170,Mohammad Deshmukh,AXIS-5343309815,726392.63,High-Risk Geography Outflow,2025-09-24 17:02:39
TXN-FIU-10104,Rajesh Shinde,HDFC-7132104683,Nasir Bhat,PNB-2593886870,3059103.8,Structured Deposits <50k,2025-05-12 17:02:39
TXN-FIU-10105,Rajesh Jadhav,ICICI-4578876947,Manoj Chavan,ICICI-9110076374,126963.35,Rapid Succession Transfers,2024-10-18 17:02:39
TXN-FIU-10106,Ramesh Kadam,ICICI-9155855108,Kiran Deshmukh,PNB-7105992088,2671952.45,Rapid Succession Transfers,2026-03-27 17:02:39
TXN-FIU-10107,Mahesh Deshmukh,PNB-4878646625,Tariq Deshmukh,ICICI-8486450422,1477209.22,Round Trip Transactions,2025-10-01 17:02:39
TXN-FIU-10108,Sunil Kamath,AXIS-2849280305,Rajesh Rao,AXIS-5138077601,206922.4,Structured Deposits <50k,2025-10-18 17:02:39
TXN-FIU-10109,Nasir Kadam,SBI-4039334792,Mohammad Chavan,AXIS-5138077601,1854781.02,Dormant Account Spike,2025-09-01 17:02:39
TXN-FIU-10110,Manoj Memon,ICICI-4517045513,Pradeep Rao,SBI-3827283732,3101255.51,Round Trip Transactions,2024-10-04 17:02:39
TXN-FIU-10111,Dinesh Memon,SBI-5974215344,Santosh Ansari,SBI-8563566710,1345181.92,Dormant Account Spike,2025-12-22 17:02:39
TXN-FIU-10112,Kishore Rao,PNB-1720603443,Mahesh Bhat,SBI-5974215344,1003716.31,Structured Deposits <50k,2026-02-08 17:02:39
TXN-FIU-10113,Amit Naik,AXIS-2849280305,Kishore Sawant,ICICI-8486450422,643062.84,Dormant Account Spike,2026-08-15 17:02:39
TXN-FIU-10114,Mahesh Siddiqui,HDFC-8459734923,Pradeep Sayed,ICICI-8571385151,1764181.87,Structured Deposits <50k,2025-10-06 17:02:39
TXN-FIU-10115,Santosh Chavan,PNB-7501469094,Anil Shaikh,SBI-3468031896,1096982.03,Round Trip Transactions,2025-01-20 17:02:39
TXN-FIU-10116,Shakeel Sayed,HDFC-1665602135,Rajesh Kadam,ICICI-2983738352,663447.92,High-Risk Geography Outflow,2026-07-07 17:02:39
TXN-FIU-10117,Irfan Qureshi,SBI-3468031896,Mahesh Khan,PNB-2729223616,137888.46,Rapid Succession Transfers,2026-06-05 17:02:39
TXN-FIU-10118,Pradeep Shaikh,ICICI-9110076374,Ramesh Ansari,ICICI-6529253100,290526.27,Structured Deposits <50k,2025-07-06 17:02:39
TXN-FIU-10119,Amit Pathan,SBI-5974215344,Salim Siddiqui,SBI-2530322647,425840.94,Structured Deposits <50k,2025-01-23 17:02:39
TXN-FIU-10120,Kishore Gowda,PNB-1720603443,Kiran Kadam,PNB-7501469094,2457224.23,Normal Trade Settlement,2026-03-11 17:02:39
TXN-FIU-10121,Irfan Reddy,ICICI-1236773228,Amit Pawar,HDFC-3598603170,475851.24,Structured Deposits <50k,2026-02-15 17:02:39
TXN-FIU-10122,Sachin Shetty,ICICI-6529253100,Ramesh Deshmukh,PNB-9187843642,1915136.91,Dormant Account Spike,2025-06-06 17:02:39
TXN-FIU-10123,Ajay Reddy,ICICI-1236773228,Ramesh Gowda,HDFC-1665602135,110993.31,Rapid Succession Transfers,2026-01-17 17:02:39
TXN-FIU-10124,Rahul Reddy,HDFC-3598603170,Vijay Shetty,ICICI-6529253100,370393.09,High-Risk Geography Outflow,2025-11-01 17:02:39
TXN-FIU-10125,Irfan Chavan,SBI-4270108217,Sunil Pawar,AXIS-2966343247,1494441.6,High-Risk Geography Outflow,2024-11-18 17:02:39
TXN-FIU-10126,Ganesh Bhat,SBI-3827143375,Manoj Qureshi,PNB-7105992088,3015415.85,High-Risk Geography Outflow,2025-04-22 17:02:39
TXN-FIU-10127,Imran Pawar,SBI-9831272394,Rajesh Deshmukh,AXIS-5138077601,2998596.17,High-Risk Geography Outflow,2024-12-15 17:02:39
TXN-FIU-10128,Deepak Patil,SBI-4270108217,Farhan Kadam,SBI-2530322647,1973384.32,Dormant Account Spike,2024-10-05 17:02:39
TXN-FIU-10129,Salim Deshmukh,SBI-7607066805,Mohammad Khan,SBI-3827143375,1527399.9,Dormant Account Spike,2026-03-15 17:02:39
TXN-FIU-10130,Rahul Kamath,PNB-1720603443,Shakeel Siddiqui,SBI-6645556937,1669017.56,Dormant Account Spike,2025-10-04 17:02:39
TXN-FIU-10131,Ramesh Siddiqui,PNB-1831413674,Sunil Patil,ICICI-2983738352,1936157.44,Normal Trade Settlement,2024-10-06 17:02:39
TXN-FIU-10132,Prakash Shaikh,SBI-8563566710,Kiran Hegde,ICICI-2983738352,3054743.31,Round Trip Transactions,2025-11-04 17:02:39
TXN-FIU-10133,Farhan Reddy,SBI-7607066805,Prakash Reddy,ICICI-5114292912,3378807.92,High-Risk Geography Outflow,2026-07-18 17:02:39
TXN-FIU-10134,Imran Pawar,ICICI-6529253100,Arjun Deshmukh,AXIS-6937449151,1461009.82,Normal Trade Settlement,2025-06-24 17:02:39
TXN-FIU-10135,Nasir Rao,AXIS-2966343247,Sunil Sawant,SBI-7801787051,896025.05,Structured Deposits <50k,2025-10-23 17:02:39
TXN-FIU-10136,Tariq Naik,SBI-4842184662,Ramesh Ansari,HDFC-2230404456,127208.7,Structured Deposits <50k,2026-07-28 17:02:39
TXN-FIU-10137,Ajay Naik,AXIS-5343309815,Farhan Khan,PNB-9187843642,878965.18,Round Trip Transactions,2025-11-01 17:02:39
TXN-FIU-10138,Pradeep Deshmukh,HDFC-2230404456,Suresh Siddiqui,PNB-2729223616,2654801.02,Dormant Account Spike,2026-08-01 17:02:39
TXN-FIU-10139,Imran Pawar,AXIS-2966343247,Mahesh Shaikh,SBI-9831272394,1123758.6,High-Risk Geography Outflow,2026-06-29 17:02:39
TXN-FIU-10140,Irfan Gowda,ICICI-9155855108,Kiran Khan,SBI-3827143375,3328160.65,Normal Trade Settlement,2026-07-29 17:02:39
TXN-FIU-10141,Sanjay Memon,PNB-7501469094,Mohammad Sawant,AXIS-2117018376,3341912.21,Dormant Account Spike,2025-06-29 17:02:39
TXN-FIU-10142,Amit Naik,PNB-7105992088,Anil Kamath,ICICI-8486450422,3351821.72,Dormant Account Spike,2026-06-20 17:02:39
TXN-FIU-10143,Shakeel Siddiqui,ICICI-7096528446,Suresh Kamath,PNB-2729223616,2164579.41,Structured Deposits <50k,2025-09-18 17:02:39
TXN-FIU-10144,Suresh Shinde,ICICI-7096528446,Mohammad Hegde,AXIS-2966343247,561999.26,High-Risk Geography Outflow,2025-08-18 17:02:39
TXN-FIU-10145,Sanjay Memon,ICICI-2983738352,Manoj Qureshi,ICICI-7096528446,3289559.59,Structured Deposits <50k,2025-05-04 17:02:39
TXN-FIU-10146,Nasir Chavan,AXIS-6937449151,Tariq Shaikh,AXIS-5343309815,1483775.09,Normal Trade Settlement,2025-09-05 17:02:39
TXN-FIU-10147,Pradeep Shetty,SBI-7607066805,Sanjay Shetty,AXIS-2117018376,2445543.74,Normal Trade Settlement,2024-10-17 17:02:39
TXN-FIU-10148,Pradeep Qureshi,ICICI-4517045513,Ajay Naik,ICICI-9110076374,1413619.21,Structured Deposits <50k,2024-12-09 17:02:39
TXN-FIU-10149,Sanjay Reddy,ICICI-9110076374,Vikram Sayed,SBI-8563566710,1145805.03,Dormant Account Spike,2025-06-17 17:02:39
TXN-FIU-10150,Irfan Shetty,AXIS-4878918851,Nasir Sayed,ICICI-9110076374,714124.64,High-Risk Geography Outflow,2026-05-27 17:02:39
TXN-FIU-10151,Shakeel Naik,AXIS-6937449151,Ganesh Chavan,PNB-9365869572,567792.33,Normal Trade Settlement,2025-07-03 17:02:39
TXN-FIU-10152,Vijay Kadam,SBI-3468031896,Rahul Shinde,SBI-7801787051,502664.86,Rapid Succession Transfers,2026-05-08 17:02:39
TXN-FIU-10153,Mohammad Jadhav,SBI-6645556937,Salim Ansari,ICICI-6529253100,2403728.84,High-Risk Geography Outflow,2025-08-08 17:02:39
TXN-FIU-10154,Manoj Bhat,SBI-7607066805,Salim Shaikh,ICICI-1236773228,974928.92,Round Trip Transactions,2025-11-11 17:02:39
TXN-FIU-10155,Ganesh Pathan,ICICI-1236773228,Irfan Khan,SBI-2530322647,2431761.14,Structured Deposits <50k,2026-08-29 17:02:39
TXN-FIU-10156,Irfan Qureshi,SBI-5974215344,Ganesh Memon,AXIS-2117018376,154104.24,Rapid Succession Transfers,2026-05-15 17:02:39
TXN-FIU-10157,Kiran Naik,ICICI-2983738352,Ajay Shinde,SBI-5974215344,717409.2,Rapid Succession Transfers,2025-07-19 17:02:39
TXN-FIU-10158,Prakash Shetty,SBI-9831272394,Vikram Qureshi,SBI-6645556937,2226977.05,High-Risk Geography Outflow,2025-04-01 17:02:39
TXN-FIU-10159,Ramesh Gowda,HDFC-8459734923,Vijay Khan,ICICI-6529253100,1321384.16,Round Trip Transactions,2024-11-23 17:02:39
TXN-FIU-10160,Tariq Deshmukh,ICICI-6529253100,Dinesh Chavan,HDFC-3598603170,2881633.25,High-Risk Geography Outflow,2025-12-09 17:02:39
TXN-FIU-10161,Imran Gowda,PNB-9187843642,Tariq Chavan,SBI-7607066805,1133957.27,Normal Trade Settlement,2025-08-02 17:02:39
TXN-FIU-10162,Amit Shetty,SBI-7801787051,Amit Khan,AXIS-5343309815,1539782.74,Normal Trade Settlement,2025-12-01 17:02:39
TXN-FIU-10163,Suresh Kamath,AXIS-2117018376,Suresh Reddy,SBI-4842184662,2081183.29,High-Risk Geography Outflow,2025-09-29 17:02:39
TXN-FIU-10164,Ramesh Sawant,PNB-9187843642,Sanjay Chavan,ICICI-2983738352,664236.21,Dormant Account Spike,2026-01-28 17:02:39
TXN-FIU-10165,Farhan Hegde,AXIS-5138077601,Irfan Kadam,ICICI-2983738352,2573392.63,Round Trip Transactions,2024-09-28 17:02:39
TXN-FIU-10166,Rahul Rao,SBI-4270108217,Ajay Shaikh,HDFC-1665602135,3205719.61,Round Trip Transactions,2024-10-01 17:02:39
TXN-FIU-10167,Imran Qureshi,ICICI-5114292912,Nasir Gowda,SBI-4270108217,3232570.8,Dormant Account Spike,2025-05-14 17:02:39
TXN-FIU-10168,Nasir Sawant,HDFC-7132104683,Arjun Shaikh,SBI-7607066805,2490179.38,Normal Trade Settlement,2025-01-01 17:02:39
TXN-FIU-10169,Sachin Qureshi,ICICI-4578876947,Kiran Deshmukh,PNB-9187843642,3462411.73,Rapid Succession Transfers,2026-01-07 17:02:39
TXN-FIU-10170,Tariq Patil,AXIS-2849280305,Vijay Shaikh,PNB-2593886870,1761472.59,Structured Deposits <50k,2026-01-19 17:02:39
TXN-FIU-10171,Rajesh Pawar,ICICI-9110076374,Rajesh Chavan,ICICI-1236773228,917122.23,Normal Trade Settlement,2025-07-17 17:02:39
TXN-FIU-10172,Vijay Rao,AXIS-2849280305,Vikram Naik,ICICI-4517045513,2259533.5,Round Trip Transactions,2025-08-14 17:02:39
TXN-FIU-10173,Ramesh Ansari,ICICI-4517045513,Farhan Deshmukh,SBI-3827283732,2468007.14,Structured Deposits <50k,2025-09-26 17:02:39
TXN-FIU-10174,Ganesh Sawant,SBI-4270108217,Prakash Shaikh,SBI-9831272394,910679.46,Round Trip Transactions,2025-10-24 17:02:39
TXN-FIU-10175,Irfan Jadhav,HDFC-7132104683,Suresh Naik,SBI-3468031896,353319.66,Rapid Succession Transfers,2025-06-18 17:02:39
TXN-FIU-10176,Vikram Qureshi,PNB-4878646625,Rajesh Chavan,ICICI-8571385151,2942290.49,High-Risk Geography Outflow,2025-04-29 17:02:39
TXN-FIU-10177,Farhan Pathan,SBI-6645556937,Rahul Deshmukh,HDFC-8459734923,3356973.34,Rapid Succession Transfers,2024-09-25 17:02:39
TXN-FIU-10178,Kishore Qureshi,AXIS-5343309815,Farhan Kamath,SBI-4039334792,255854.89,Structured Deposits <50k,2024-12-01 17:02:39
TXN-FIU-10179,Pradeep Siddiqui,PNB-2593886870,Sanjay Naik,AXIS-2849280305,3093354.6,Round Trip Transactions,2025-01-26 17:02:39
TXN-FIU-10180,Suresh Shetty,AXIS-2849280305,Sanjay Ansari,SBI-4270108217,1135362.01,Normal Trade Settlement,2025-09-18 17:02:39
TXN-FIU-10181,Manoj Hegde,HDFC-2230404456,Nasir Kamath,ICICI-2983738352,1459054.22,High-Risk Geography Outflow,2025-06-23 17:02:39
TXN-FIU-10182,Mahesh Shetty,ICICI-6529253100,Mahesh Siddiqui,PNB-2729223616,2862307.59,High-Risk Geography Outflow,2026-03-26 17:02:39
TXN-FIU-10183,Pradeep Rao,ICICI-5114292912,Sunil Gowda,SBI-9831272394,3408069.06,Structured Deposits <50k,2025-06-13 17:02:39
TXN-FIU-10184,Prakash Khan,PNB-7105992088,Nasir Pathan,AXIS-5138077601,345117.54,High-Risk Geography Outflow,2026-07-25 17:02:39
TXN-FIU-10185,Rajesh Gowda,HDFC-9986910988,Vikram Gowda,AXIS-5138077601,2539820.26,Rapid Succession Transfers,2025-09-24 17:02:39
TXN-FIU-10186,Ajay Naik,SBI-7801787051,Anil Jadhav,AXIS-5138077601,62725.23,Dormant Account Spike,2024-11-25 17:02:39
TXN-FIU-10187,Kiran Chavan,ICICI-5114292912,Pradeep Jadhav,AXIS-2849280305,2606066.87,Rapid Succession Transfers,2025-08-08 17:02:39
TXN-FIU-10188,Tariq Reddy,ICICI-9110076374,Kiran Kadam,PNB-2593886870,797130.55,Dormant Account Spike,2025-07-10 17:02:39
TXN-FIU-10189,Kiran Ansari,PNB-7105992088,Deepak Khan,AXIS-2849280305,82661.43,Structured Deposits <50k,2025-10-30 17:02:39
TXN-FIU-10190,Mahesh Rao,PNB-2593886870,Tariq Kadam,SBI-4842184662,1229345.4,Rapid Succession Transfers,2025-11-19 17:02:39
TXN-FIU-10191,Mahesh Chavan,PNB-1720603443,Ramesh Memon,SBI-8563566710,329348.05,High-Risk Geography Outflow,2025-06-16 17:02:39
TXN-FIU-10192,Sachin Sawant,ICICI-7836464312,Anil Patil,SBI-2530322647,2636016.81,High-Risk Geography Outflow,2026-02-25 17:02:39
TXN-FIU-10193,Deepak Siddiqui,SBI-3468031896,Suresh Pawar,PNB-2729223616,541456.42,Normal Trade Settlement,2025-12-25 17:02:39
TXN-FIU-10194,Sachin Khan,HDFC-7132104683,Salim Qureshi,SBI-7607066805,1447576.79,Rapid Succession Transfers,2025-12-21 17:02:39
TXN-FIU-10195,Manoj Pawar,AXIS-5343309815,Vijay Khan,PNB-5041977461,2711389.41,Normal Trade Settlement,2026-09-02 17:02:39
TXN-FIU-10196,Manoj Sawant,ICICI-9110076374,Manoj Shetty,SBI-4842184662,426591.81,Round Trip Transactions,2024-11-27 17:02:39
TXN-FIU-10197,Irfan Memon,HDFC-2230404456,Sunil Reddy,SBI-9831272394,1733505.81,Round Trip Transactions,2025-07-03 17:02:39
TXN-FIU-10198,Dinesh Khan,PNB-9365869572,Sunil Shetty,AXIS-6937449151,272719.33,Normal Trade Settlement,2025-06-08 17:02:39
TXN-FIU-10199,Vikram Qureshi,HDFC-7132104683,Deepak Sayed,ICICI-5114292912,857066.4,Rapid Succession Transfers,2026-02-01 17:02:39
TXN-FIU-10200,Anil Hegde,ICICI-4517045513,Shakeel Patil,HDFC-7132104683,3374646.6,Normal Trade Settlement,2025-01-25 17:02:39
TXN-FIU-10201,Suresh Shaikh,PNB-5041977461,Manoj Siddiqui,AXIS-2117018376,2304209.88,Dormant Account Spike,2025-04-18 17:02:39
TXN-FIU-10202,Ganesh Deshmukh,SBI-2530322647,Sanjay Pawar,PNB-1831413674,1613454.99,High-Risk Geography Outflow,2025-06-18 17:02:39
TXN-FIU-10203,Dinesh Ansari,HDFC-7132104683,Rajesh Khan,ICICI-2983738352,67556.84,Normal Trade Settlement,2025-02-10 17:02:39
TXN-FIU-10204,Ganesh Bhat,PNB-2593886870,Kishore Hegde,PNB-9365869572,1649636.16,High-Risk Geography Outflow,2026-09-02 17:02:39
TXN-FIU-10205,Manoj Naik,PNB-2729223616,Pradeep Memon,ICICI-8486450422,2904626.29,Rapid Succession Transfers,2025-02-23 17:02:39
TXN-FIU-10206,Rahul Rao,SBI-8924595680,Sanjay Bhat,PNB-2593886870,2019518.31,Normal Trade Settlement,2025-06-13 17:02:39
TXN-FIU-10207,Anil Shaikh,SBI-4842184662,Arjun Deshmukh,ICICI-7836464312,366738.47,Dormant Account Spike,2025-02-06 17:02:39
TXN-FIU-10208,Sunil Bhat,HDFC-8459734923,Dinesh Ansari,SBI-4039334792,2013769.29,Round Trip Transactions,2025-08-07 17:02:39
TXN-FIU-10209,Dinesh Kamath,HDFC-2230404456,Kiran Pathan,PNB-2593886870,2407738.28,Rapid Succession Transfers,2025-11-25 17:02:39
TXN-FIU-10210,Sachin Shetty,ICICI-8571385151,Ganesh Sayed,SBI-4270108217,2489027.39,Normal Trade Settlement,2026-04-27 17:02:39
TXN-FIU-10211,Arjun Sawant,SBI-7607066805,Rajesh Shinde,HDFC-1665602135,407516.04,Dormant Account Spike,2025-07-27 17:02:39
TXN-FIU-10212,Rahul Siddiqui,PNB-9187843642,Rahul Ansari,ICICI-1236773228,50617.95,Round Trip Transactions,2025-03-22 17:02:39
TXN-FIU-10213,Tariq Pawar,AXIS-5138077601,Rahul Rao,SBI-4270108217,328816.73,Rapid Succession Transfers,2025-11-29 17:02:39
TXN-FIU-10214,Manoj Reddy,AXIS-6937449151,Ajay Rao,ICICI-9155855108,1448524.34,Rapid Succession Transfers,2025-11-19 17:02:39
TXN-FIU-10215,Vikram Pathan,ICICI-4578876947,Shakeel Patil,ICICI-1236773228,291216.08,Round Trip Transactions,2025-07-16 17:02:39
TXN-FIU-10216,Suresh Kadam,ICICI-2983738352,Manoj Shinde,AXIS-2966343247,2542199.29,Rapid Succession Transfers,2026-05-23 17:02:39
TXN-FIU-10217,Sunil Khan,AXIS-2849280305,Ganesh Sawant,ICICI-8571385151,1354974.94,High-Risk Geography Outflow,2026-08-31 17:02:39
TXN-FIU-10218,Imran Hegde,PNB-1831413674,Prakash Pawar,AXIS-2966343247,2700889.94,High-Risk Geography Outflow,2025-02-01 17:02:39
TXN-FIU-10219,Imran Memon,ICICI-4517045513,Suresh Naik,SBI-3827283732,243862.22,Rapid Succession Transfers,2025-03-31 17:02:39
TXN-FIU-10220,Suresh Kamath,PNB-9365869572,Shakeel Memon,ICICI-7096528446,2799745.34,Dormant Account Spike,2025-01-18 17:02:39
TXN-FIU-10221,Kishore Kamath,SBI-5974215344,Sanjay Chavan,ICICI-8486450422,1880167.25,Rapid Succession Transfers,2026-06-21 17:02:39
TXN-FIU-10222,Vikram Khan,AXIS-5343309815,Sunil Deshmukh,HDFC-8256999095,2561430.2,Dormant Account Spike,2026-04-18 17:02:39
TXN-FIU-10223,Salim Naik,SBI-7801787051,Kiran Shetty,PNB-9187843642,155745.41,Dormant Account Spike,2026-01-25 17:02:39
TXN-FIU-10224,Rajesh Jadhav,SBI-2530322647,Shakeel Rao,SBI-3468031896,3067947.22,Round Trip Transactions,2025-06-25 17:02:39
TXN-FIU-10225,Imran Kadam,ICICI-6529253100,Salim Jadhav,SBI-3827283732,2399146.58,Dormant Account Spike,2025-01-28 17:02:39
TXN-FIU-10226,Rahul Shetty,HDFC-1665602135,Ajay Patil,HDFC-2230404456,2696752.18,High-Risk Geography Outflow,2025-07-30 17:02:39
TXN-FIU-10227,Kiran Sawant,HDFC-2230404456,Sunil Chavan,PNB-9365869572,1769445.74,Structured Deposits <50k,2026-04-05 17:02:39
TXN-FIU-10228,Sachin Shetty,PNB-7105992088,Ajay Reddy,AXIS-2117018376,353180.35,Normal Trade Settlement,2025-01-05 17:02:39
TXN-FIU-10229,Mohammad Kadam,AXIS-5138077601,Ajay Patil,HDFC-2230404456,3371715.03,Rapid Succession Transfers,2025-03-04 17:02:39
TXN-FIU-10230,Ramesh Pathan,PNB-9365869572,Kiran Siddiqui,SBI-4842184662,1975895.93,Structured Deposits <50k,2025-04-04 17:02:39
TXN-FIU-10231,Dinesh Siddiqui,SBI-7801787051,Dinesh Khan,AXIS-4878918851,184168.13,Normal Trade Settlement,2026-07-27 17:02:39
TXN-FIU-10232,Sachin Shaikh,AXIS-5343309815,Rahul Khan,HDFC-2230404456,2612602.2,Normal Trade Settlement,2026-03-24 17:02:39
TXN-FIU-10233,Amit Naik,ICICI-2983738352,Vikram Rao,ICICI-6529253100,2663885.59,High-Risk Geography Outflow,2025-02-21 17:02:39
TXN-FIU-10234,Pradeep Gowda,PNB-9365869572,Suresh Sayed,ICICI-9155855108,2557571.67,Dormant Account Spike,2026-05-03 17:02:39
TXN-FIU-10235,Ganesh Shinde,ICICI-4517045513,Suresh Bhat,SBI-9831272394,2936865.42,Structured Deposits <50k,2024-12-09 17:02:39
TXN-FIU-10236,Tariq Kamath,SBI-7607066805,Rajesh Pathan,HDFC-1665602135,623271.36,Round Trip Transactions,2025-11-08 17:02:39
TXN-FIU-10237,Sanjay Deshmukh,SBI-8924595680,Tariq Naik,ICICI-8486450422,876287.47,High-Risk Geography Outflow,2026-07-09 17:02:39
TXN-FIU-10238,Farhan Memon,AXIS-2966343247,Vijay Deshmukh,SBI-9831272394,3267116.75,Round Trip Transactions,2024-11-28 17:02:39
TXN-FIU-10239,Deepak Patil,SBI-5974215344,Vikram Sayed,SBI-2530322647,1940613.98,Structured Deposits <50k,2026-04-18 17:02:39
TXN-FIU-10240,Irfan Qureshi,ICICI-1236773228,Anil Hegde,AXIS-6937449151,2305592.52,High-Risk Geography Outflow,2025-05-08 17:02:39
TXN-FIU-10241,Anil Rao,AXIS-5138077601,Manoj Pathan,SBI-4039334792,3059085.78,Dormant Account Spike,2025-01-26 17:02:39
TXN-FIU-10242,Imran Shinde,SBI-3827143375,Santosh Ansari,ICICI-1236773228,1378362.88,High-Risk Geography Outflow,2024-12-31 17:02:39
TXN-FIU-10243,Tariq Patil,HDFC-2230404456,Mahesh Shetty,SBI-8563566710,1710876.66,Dormant Account Spike,2025-03-04 17:02:39
TXN-FIU-10244,Vikram Pawar,PNB-2729223616,Amit Deshmukh,SBI-5974215344,2506405.87,Rapid Succession Transfers,2025-01-21 17:02:39
TXN-FIU-10245,Irfan Naik,SBI-4842184662,Ganesh Rao,PNB-9187843642,1818891.86,High-Risk Geography Outflow,2025-06-29 17:02:39
TXN-FIU-10246,Ramesh Shetty,SBI-7607066805,Vikram Bhat,ICICI-4517045513,2448972.11,Round Trip Transactions,2025-06-08 17:02:39
TXN-FIU-10247,Deepak Pathan,SBI-3827283732,Irfan Deshmukh,SBI-5974215344,2091329.25,High-Risk Geography Outflow,2025-09-16 17:02:39
TXN-FIU-10248,Kishore Qureshi,PNB-2729223616,Vikram Qureshi,HDFC-8256999095,135136.61,Round Trip Transactions,2025-12-06 17:02:39
TXN-FIU-10249,Prakash Pathan,SBI-4842184662,Rajesh Pawar,AXIS-2117018376,1005708.32,Dormant Account Spike,2025-08-10 17:02:39
TXN-FIU-10250,Irfan Kamath,HDFC-3598603170,Farhan Gowda,SBI-5974215344,2662969.62,Structured Deposits <50k,2025-05-09 17:02:39
TXN-FIU-10251,Sachin Shetty,HDFC-3598603170,Amit Deshmukh,ICICI-6529253100,1304595.88,High-Risk Geography Outflow,2026-01-14 17:02:39
TXN-FIU-10252,Manoj Qureshi,ICICI-8571385151,Vikram Shaikh,SBI-8563566710,64934.36,Structured Deposits <50k,2026-02-21 17:02:39
TXN-FIU-10253,Prakash Shaikh,SBI-4842184662,Rajesh Memon,SBI-4039334792,650231.29,Normal Trade Settlement,2026-01-15 17:02:39
TXN-FIU-10254,Arjun Ansari,PNB-1720603443,Shakeel Reddy,ICICI-9110076374,3386448.31,Structured Deposits <50k,2025-10-21 17:02:39
TXN-FIU-10255,Sunil Naik,SBI-3827143375,Farhan Reddy,ICICI-7836464312,3366517.52,Rapid Succession Transfers,2026-06-05 17:02:39
TXN-FIU-10256,Kiran Shinde,SBI-6645556937,Imran Naik,AXIS-6937449151,3079517.0,Structured Deposits <50k,2025-08-09 17:02:39
TXN-FIU-10257,Manoj Patil,ICICI-8486450422,Sachin Naik,HDFC-1665602135,1681600.52,Round Trip Transactions,2025-09-15 17:02:39
TXN-FIU-10258,Deepak Sawant,PNB-4878646625,Pradeep Kadam,HDFC-2230404456,1956621.99,High-Risk Geography Outflow,2025-01-31 17:02:39
TXN-FIU-10259,Mohammad Naik,AXIS-5138077601,Deepak Kadam,SBI-8563566710,2398322.74,Structured Deposits <50k,2025-03-18 17:02:39
TXN-FIU-10260,Imran Jadhav,ICICI-2983738352,Mohammad Shetty,PNB-1720603443,1662315.22,Dormant Account Spike,2025-06-03 17:02:39
TXN-FIU-10261,Ganesh Kadam,SBI-7607066805,Arjun Kamath,ICICI-9155855108,265133.42,Structured Deposits <50k,2025-06-28 17:02:39
TXN-FIU-10262,Tariq Sayed,SBI-4270108217,Salim Khan,SBI-3827143375,2026962.64,Dormant Account Spike,2026-01-04 17:02:39
TXN-FIU-10263,Manoj Shinde,PNB-9365869572,Vikram Chavan,SBI-5974215344,1890648.89,Dormant Account Spike,2025-05-28 17:02:39
TXN-FIU-10264,Vikram Bhat,PNB-2729223616,Ganesh Patil,AXIS-2849280305,494953.79,Dormant Account Spike,2026-02-26 17:02:39
TXN-FIU-10265,Deepak Naik,PNB-2593886870,Mohammad Naik,PNB-9187843642,2749279.08,Dormant Account Spike,2026-03-06 17:02:39
TXN-FIU-10266,Imran Ansari,SBI-3827283732,Ramesh Khan,PNB-1831413674,1485955.13,Normal Trade Settlement,2025-01-13 17:02:39
TXN-FIU-10267,Nasir Jadhav,AXIS-4878918851,Kiran Pathan,AXIS-5343309815,1679571.97,Structured Deposits <50k,2026-01-14 17:02:39
TXN-FIU-10268,Prakash Khan,SBI-6645556937,Suresh Bhat,HDFC-7132104683,1091300.76,Dormant Account Spike,2025-01-15 17:02:39
TXN-FIU-10269,Anil Gowda,ICICI-7836464312,Nasir Reddy,AXIS-5343309815,3121009.28,Round Trip Transactions,2025-05-17 17:02:39
TXN-FIU-10270,Rahul Pathan,PNB-1720603443,Mahesh Patil,SBI-8563566710,3160764.67,Round Trip Transactions,2025-11-15 17:02:39
TXN-FIU-10271,Ganesh Khan,PNB-9365869572,Deepak Siddiqui,AXIS-2117018376,2150293.55,Structured Deposits <50k,2025-05-21 17:02:39
TXN-FIU-10272,Amit Sawant,AXIS-2849280305,Tariq Sawant,PNB-7501469094,2968833.16,Normal Trade Settlement,2026-06-20 17:02:39
TXN-FIU-10273,Arjun Pathan,ICICI-4517045513,Anil Deshmukh,SBI-8924595680,2689678.73,Normal Trade Settlement,2025-04-23 17:02:39
TXN-FIU-10274,Ajay Kamath,AXIS-2849280305,Salim Siddiqui,PNB-7501469094,668915.87,Rapid Succession Transfers,2026-03-20 17:02:39
TXN-FIU-10275,Deepak Kadam,ICICI-2983738352,Rahul Naik,HDFC-2230404456,431302.32,High-Risk Geography Outflow,2026-05-23 17:02:39
TXN-FIU-10276,Mohammad Sayed,SBI-8563566710,Mahesh Ansari,AXIS-6937449151,3473483.59,Dormant Account Spike,2025-04-28 17:02:39
TXN-FIU-10277,Amit Rao,PNB-9187843642,Rajesh Khan,AXIS-5343309815,3202705.93,Dormant Account Spike,2026-07-02 17:02:39
TXN-FIU-10278,Shakeel Sayed,PNB-5041977461,Sanjay Bhat,SBI-4842184662,2625722.96,Structured Deposits <50k,2025-06-16 17:02:39
TXN-FIU-10279,Salim Shetty,ICICI-6529253100,Nasir Kamath,SBI-7607066805,2850034.12,Dormant Account Spike,2025-06-07 17:02:39
TXN-FIU-10280,Amit Shaikh,PNB-5041977461,Vikram Pathan,AXIS-2117018376,3408813.47,Dormant Account Spike,2026-01-22 17:02:39
TXN-FIU-10281,Nasir Memon,SBI-3827143375,Shakeel Khan,AXIS-2966343247,1612145.56,Rapid Succession Transfers,2025-11-07 17:02:39
TXN-FIU-10282,Pradeep Sayed,SBI-3468031896,Vikram Reddy,SBI-4842184662,2419723.0,Dormant Account Spike,2026-05-16 17:02:39
TXN-FIU-10283,Dinesh Jadhav,SBI-4039334792,Vijay Deshmukh,SBI-2530322647,1518906.07,Structured Deposits <50k,2025-09-23 17:02:39
TXN-FIU-10284,Ramesh Deshmukh,PNB-7105992088,Kiran Sayed,PNB-7501469094,2743298.03,Normal Trade Settlement,2026-01-02 17:02:39
TXN-FIU-10285,Amit Shaikh,SBI-4039334792,Farhan Sawant,PNB-5041977461,1146568.27,Rapid Succession Transfers,2025-12-20 17:02:39
TXN-FIU-10286,Amit Reddy,PNB-9187843642,Ajay Ansari,ICICI-7096528446,1759086.18,Normal Trade Settlement,2025-06-11 17:02:39
TXN-FIU-10287,Imran Sayed,SBI-2530322647,Arjun Rao,AXIS-2966343247,681018.35,High-Risk Geography Outflow,2024-12-03 17:02:39
TXN-FIU-10288,Ganesh Pathan,AXIS-4878918851,Sanjay Memon,SBI-4842184662,2552067.28,Dormant Account Spike,2026-07-19 17:02:39
TXN-FIU-10289,Amit Shaikh,SBI-8563566710,Farhan Gowda,SBI-6645556937,700566.02,Round Trip Transactions,2025-07-02 17:02:39
TXN-FIU-10290,Kishore Gowda,SBI-8924595680,Mohammad Hegde,ICICI-9110076374,1882678.29,Round Trip Transactions,2026-08-05 17:02:39
TXN-FIU-10291,Rahul Kamath,HDFC-3598603170,Prakash Khan,ICICI-2983738352,963466.03,Round Trip Transactions,2024-09-29 17:02:39
TXN-FIU-10292,Suresh Reddy,PNB-1720603443,Tariq Jadhav,HDFC-2230404456,1534167.72,Dormant Account Spike,2026-01-24 17:02:39
TXN-FIU-10293,Arjun Kamath,SBI-3827143375,Kiran Pawar,SBI-3468031896,3178683.39,Rapid Succession Transfers,2026-07-31 17:02:39
TXN-FIU-10294,Salim Hegde,SBI-8924595680,Imran Kamath,HDFC-3598603170,1071384.45,Rapid Succession Transfers,2024-11-21 17:02:39
TXN-FIU-10295,Shakeel Hegde,HDFC-9986910988,Kishore Kadam,ICICI-7836464312,1143191.82,High-Risk Geography Outflow,2025-06-07 17:02:39
TXN-FIU-10296,Manoj Sayed,HDFC-3598603170,Kiran Hegde,ICICI-4578876947,159983.42,Round Trip Transactions,2026-01-10 17:02:39
TXN-FIU-10297,Anil Ansari,ICICI-9110076374,Manoj Qureshi,SBI-7801787051,194316.43,Dormant Account Spike,2024-12-30 17:02:39
TXN-FIU-10298,Mohammad Pathan,AXIS-2117018376,Vikram Memon,PNB-2593886870,2081516.82,Round Trip Transactions,2025-08-19 17:02:39
TXN-FIU-10299,Nasir Bhat,PNB-7501469094,Ajay Sayed,ICICI-8571385151,3243491.55,Round Trip Transactions,2026-07-21 17:02:39
TXN-FIU-10300,Vikram Deshmukh,SBI-4270108217,Imran Qureshi,ICICI-7836464312,88190.84,Round Trip Transactions,2026-09-02 17:02:39
TXN-FIU-10301,Irfan Deshmukh,HDFC-8256999095,Mahesh Reddy,ICICI-5114292912,2768211.8,Rapid Succession Transfers,2025-05-07 17:02:39
TXN-FIU-10302,Suresh Qureshi,AXIS-6937449151,Shakeel Patil,ICICI-8571385151,1400124.68,Dormant Account Spike,2026-01-23 17:02:39
TXN-FIU-10303,Ajay Rao,ICICI-9155855108,Arjun Patil,ICICI-7836464312,460789.39,Rapid Succession Transfers,2025-07-08 17:02:39
TXN-FIU-10304,Ganesh Sayed,AXIS-2117018376,Suresh Siddiqui,SBI-9831272394,3444367.64,Normal Trade Settlement,2025-05-27 17:02:39
TXN-FIU-10305,Rajesh Shinde,ICICI-2983738352,Irfan Qureshi,HDFC-8459734923,79260.91,Normal Trade Settlement,2024-09-26 17:02:39
TXN-FIU-10306,Sunil Memon,ICICI-4517045513,Prakash Chavan,SBI-7801787051,1943915.36,Structured Deposits <50k,2026-03-19 17:02:39
TXN-FIU-10307,Sanjay Pawar,ICICI-9110076374,Salim Siddiqui,AXIS-6937449151,2585853.66,Round Trip Transactions,2024-09-21 17:02:39
TXN-FIU-10308,Arjun Bhat,SBI-4270108217,Vijay Patil,PNB-1720603443,1751603.03,Normal Trade Settlement,2025-05-11 17:02:39
TXN-FIU-10309,Sanjay Chavan,AXIS-5138077601,Vikram Shaikh,SBI-9831272394,2864077.61,Dormant Account Spike,2025-01-11 17:02:39
TXN-FIU-10310,Mahesh Qureshi,AXIS-6937449151,Rahul Shaikh,ICICI-8486450422,3469935.32,Round Trip Transactions,2025-10-16 17:02:39
TXN-FIU-10311,Rajesh Shetty,HDFC-8256999095,Rahul Hegde,PNB-1720603443,3324718.51,High-Risk Geography Outflow,2025-02-25 17:02:39
TXN-FIU-10312,Ganesh Shaikh,AXIS-2849280305,Mahesh Reddy,PNB-5041977461,2441779.72,Rapid Succession Transfers,2025-10-03 17:02:39
TXN-FIU-10313,Tariq Patil,SBI-8563566710,Tariq Shinde,ICICI-5114292912,2230647.18,Normal Trade Settlement,2025-10-19 17:02:39
TXN-FIU-10314,Ganesh Shaikh,SBI-8563566710,Vijay Hegde,HDFC-1665602135,1496371.64,Normal Trade Settlement,2026-03-28 17:02:39
TXN-FIU-10315,Farhan Shinde,AXIS-4878918851,Arjun Sayed,SBI-8563566710,1691636.01,Structured Deposits <50k,2026-04-26 17:02:39
TXN-FIU-10316,Sachin Ansari,HDFC-1665602135,Deepak Kamath,SBI-8563566710,3391453.74,Structured Deposits <50k,2024-09-16 17:02:39
TXN-FIU-10317,Imran Rao,HDFC-9986910988,Manoj Bhat,AXIS-2117018376,551623.46,Round Trip Transactions,2025-03-15 17:02:39
TXN-FIU-10318,Dinesh Deshmukh,PNB-1720603443,Arjun Sayed,AXIS-5138077601,1089830.05,Rapid Succession Transfers,2026-05-05 17:02:39
TXN-FIU-10319,Vijay Rao,PNB-7501469094,Kishore Rao,SBI-3468031896,2109158.78,High-Risk Geography Outflow,2026-01-26 17:02:39
TXN-FIU-10320,Sunil Shetty,SBI-4270108217,Arjun Qureshi,PNB-9187843642,858768.47,Normal Trade Settlement,2025-03-02 17:02:39
TXN-FIU-10321,Mahesh Shinde,HDFC-9986910988,Prakash Hegde,AXIS-2117018376,2048256.61,Structured Deposits <50k,2025-09-26 17:02:39
TXN-FIU-10322,Rahul Qureshi,SBI-7801787051,Vijay Rao,SBI-2530322647,1259986.3,Round Trip Transactions,2025-11-16 17:02:39
TXN-FIU-10323,Irfan Bhat,AXIS-5138077601,Sachin Jadhav,SBI-7607066805,1140015.71,Normal Trade Settlement,2024-09-26 17:02:39
TXN-FIU-10324,Ganesh Siddiqui,ICICI-5114292912,Ramesh Qureshi,SBI-3827283732,2282006.0,High-Risk Geography Outflow,2026-08-10 17:02:39
TXN-FIU-10325,Imran Hegde,SBI-8563566710,Amit Kamath,ICICI-4517045513,3159644.17,Rapid Succession Transfers,2026-07-13 17:02:39
TXN-FIU-10326,Imran Pathan,ICICI-2983738352,Deepak Sayed,PNB-9365869572,1529087.97,Round Trip Transactions,2026-06-30 17:02:39
TXN-FIU-10327,Salim Memon,ICICI-1236773228,Ajay Chavan,ICICI-2983738352,2032285.25,Rapid Succession Transfers,2024-11-28 17:02:39
TXN-FIU-10328,Rajesh Deshmukh,ICICI-6529253100,Sachin Pathan,AXIS-5343309815,2935820.51,High-Risk Geography Outflow,2025-08-14 17:02:39
TXN-FIU-10329,Arjun Chavan,ICICI-5114292912,Nasir Reddy,SBI-7801787051,358592.69,High-Risk Geography Outflow,2025-12-18 17:02:39
TXN-FIU-10330,Vikram Patil,SBI-5974215344,Mohammad Kadam,HDFC-9986910988,2495280.22,Rapid Succession Transfers,2025-04-28 17:02:39
TXN-FIU-10331,Amit Chavan,ICICI-1236773228,Ganesh Sayed,SBI-5974215344,2865345.99,High-Risk Geography Outflow,2025-02-13 17:02:39
TXN-FIU-10332,Sanjay Hegde,PNB-2593886870,Manoj Pawar,ICICI-4517045513,2078657.09,Structured Deposits <50k,2025-08-01 17:02:39
TXN-FIU-10333,Sunil Naik,SBI-8924595680,Farhan Shaikh,HDFC-9986910988,2741369.75,Round Trip Transactions,2025-12-14 17:02:39
TXN-FIU-10334,Amit Chavan,SBI-7801787051,Kishore Sawant,AXIS-5343309815,751959.1,Round Trip Transactions,2026-02-08 17:02:39
TXN-FIU-10335,Dinesh Gowda,AXIS-2117018376,Kishore Sayed,ICICI-9155855108,2767429.34,Normal Trade Settlement,2025-03-06 17:02:39
TXN-FIU-10336,Irfan Sawant,SBI-3827283732,Ramesh Kamath,SBI-9831272394,559855.14,Structured Deposits <50k,2026-07-04 17:02:39
TXN-FIU-10337,Anil Khan,AXIS-5138077601,Sanjay Rao,ICICI-9155855108,2238162.99,High-Risk Geography Outflow,2024-12-10 17:02:39
TXN-FIU-10338,Rajesh Reddy,ICICI-8486450422,Farhan Chavan,SBI-4039334792,3095951.3,Round Trip Transactions,2025-01-19 17:02:39
TXN-FIU-10339,Kishore Jadhav,SBI-6645556937,Prakash Reddy,SBI-8924595680,2034558.96,Dormant Account Spike,2025-06-01 17:02:39
TXN-FIU-10340,Rajesh Gowda,PNB-5041977461,Kiran Memon,SBI-4842184662,1810655.03,High-Risk Geography Outflow,2025-10-07 17:02:39
TXN-FIU-10341,Shakeel Pathan,PNB-9187843642,Irfan Shetty,AXIS-2966343247,2072309.72,Structured Deposits <50k,2024-09-14 17:02:39
TXN-FIU-10342,Sunil Kamath,ICICI-7096528446,Arjun Siddiqui,AXIS-4878918851,2440070.99,Dormant Account Spike,2026-05-04 17:02:39
TXN-FIU-10343,Farhan Hegde,ICICI-1236773228,Deepak Jadhav,ICICI-7836464312,190367.07,High-Risk Geography Outflow,2026-06-15 17:02:39
TXN-FIU-10344,Ramesh Kamath,AXIS-2966343247,Kiran Sawant,ICICI-8486450422,3015961.55,Dormant Account Spike,2025-03-20 17:02:39
TXN-FIU-10345,Nasir Kamath,HDFC-1665602135,Ramesh Ansari,PNB-2729223616,2915439.52,High-Risk Geography Outflow,2025-10-21 17:02:39
TXN-FIU-10346,Kishore Memon,SBI-2530322647,Arjun Sayed,PNB-2729223616,2185158.03,Dormant Account Spike,2025-11-30 17:02:39
TXN-FIU-10347,Santosh Qureshi,AXIS-2117018376,Nasir Shinde,PNB-5041977461,2153469.54,Dormant Account Spike,2026-08-11 17:02:39
TXN-FIU-10348,Ramesh Kamath,ICICI-4517045513,Rajesh Memon,PNB-2729223616,3285969.1,High-Risk Geography Outflow,2025-09-11 17:02:39
TXN-FIU-10349,Arjun Ansari,HDFC-8256999095,Mahesh Reddy,ICICI-7836464312,831731.06,Round Trip Transactions,2025-11-10 17:02:39
TXN-FIU-10350,Sanjay Deshmukh,AXIS-2117018376,Vikram Qureshi,ICICI-7836464312,1803746.26,Normal Trade Settlement,2026-02-02 17:02:39
TXN-FIU-10351,Pradeep Naik,SBI-7801787051,Santosh Gowda,AXIS-2849280305,312260.37,High-Risk Geography Outflow,2024-10-12 17:02:39
TXN-FIU-10352,Ajay Shinde,ICICI-2983738352,Sanjay Qureshi,SBI-8924595680,2385940.88,Rapid Succession Transfers,2024-11-25 17:02:39
TXN-FIU-10353,Dinesh Sayed,PNB-7501469094,Salim Siddiqui,AXIS-6937449151,250527.05,Rapid Succession Transfers,2024-09-19 17:02:39
TXN-FIU-10354,Kiran Bhat,HDFC-2230404456,Prakash Naik,SBI-3468031896,2184444.17,Structured Deposits <50k,2024-10-18 17:02:39
TXN-FIU-10355,Pradeep Jadhav,PNB-2593886870,Kishore Jadhav,PNB-2729223616,2081920.51,Round Trip Transactions,2024-12-25 17:02:39
TXN-FIU-10356,Nasir Kadam,ICICI-7836464312,Ganesh Reddy,PNB-9187843642,3236280.88,Rapid Succession Transfers,2026-03-02 17:02:39
TXN-FIU-10357,Shakeel Pawar,HDFC-2230404456,Pradeep Hegde,PNB-1720603443,721646.8,Dormant Account Spike,2025-05-11 17:02:39
TXN-FIU-10358,Salim Sawant,ICICI-6529253100,Ajay Rao,SBI-7607066805,1922296.89,Structured Deposits <50k,2025-03-07 17:02:39
TXN-FIU-10359,Rajesh Ansari,HDFC-7132104683,Tariq Shetty,AXIS-2849280305,1746968.61,Round Trip Transactions,2025-03-19 17:02:39
TXN-FIU-10360,Manoj Kamath,PNB-2593886870,Manoj Ansari,ICICI-7096528446,712149.04,Round Trip Transactions,2025-06-22 17:02:39
TXN-FIU-10361,Amit Reddy,ICICI-8486450422,Shakeel Sayed,PNB-2729223616,1313279.8,Rapid Succession Transfers,2026-07-06 17:02:39
TXN-FIU-10362,Salim Bhat,SBI-3827283732,Imran Gowda,SBI-7607066805,1370228.16,Normal Trade Settlement,2025-08-23 17:02:39
TXN-FIU-10363,Kishore Shinde,ICICI-8571385151,Rahul Patil,SBI-3827143375,3370790.31,High-Risk Geography Outflow,2025-11-19 17:02:39
TXN-FIU-10364,Pradeep Gowda,HDFC-7132104683,Irfan Patil,HDFC-1665602135,3077107.82,High-Risk Geography Outflow,2024-10-26 17:02:39
TXN-FIU-10365,Farhan Qureshi,HDFC-8459734923,Anil Jadhav,HDFC-2230404456,771818.44,Normal Trade Settlement,2025-02-02 17:02:39
TXN-FIU-10366,Mohammad Gowda,SBI-4270108217,Vijay Pathan,PNB-9187843642,454633.46,Dormant Account Spike,2026-06-02 17:02:39
TXN-FIU-10367,Ganesh Kadam,SBI-3827143375,Ramesh Naik,PNB-9187843642,2096037.68,Structured Deposits <50k,2025-09-02 17:02:39
TXN-FIU-10368,Vijay Naik,SBI-4842184662,Nasir Memon,AXIS-5343309815,2793208.15,Rapid Succession Transfers,2024-10-27 17:02:39
TXN-FIU-10369,Anil Siddiqui,PNB-2729223616,Ramesh Sawant,HDFC-9986910988,751173.34,High-Risk Geography Outflow,2025-12-10 17:02:39
TXN-FIU-10370,Imran Naik,SBI-6645556937,Nasir Qureshi,ICICI-8571385151,3050688.6,Rapid Succession Transfers,2024-09-26 17:02:39
TXN-FIU-10371,Farhan Shaikh,PNB-2729223616,Suresh Naik,ICICI-7096528446,2359353.82,Round Trip Transactions,2026-06-19 17:02:39
TXN-FIU-10372,Mohammad Kamath,HDFC-2230404456,Kishore Shinde,SBI-6645556937,3413410.33,Structured Deposits <50k,2025-01-12 17:02:39
TXN-FIU-10373,Rahul Sawant,SBI-3827143375,Pradeep Memon,PNB-9365869572,257696.14,Rapid Succession Transfers,2024-11-21 17:02:39
TXN-FIU-10374,Amit Patil,AXIS-5138077601,Farhan Pathan,SBI-8563566710,3135998.1,Dormant Account Spike,2025-04-23 17:02:39
TXN-FIU-10375,Rajesh Reddy,SBI-8563566710,Anil Sawant,AXIS-4878918851,1662280.13,Rapid Succession Transfers,2024-12-20 17:02:39
TXN-FIU-10376,Sachin Patil,AXIS-2849280305,Vijay Shaikh,HDFC-8256999095,1395808.0,Round Trip Transactions,2026-03-13 17:02:39
TXN-FIU-10377,Irfan Kadam,HDFC-2230404456,Vikram Shetty,SBI-7801787051,2374987.52,Dormant Account Spike,2026-07-09 17:02:39
TXN-FIU-10378,Salim Kadam,PNB-5041977461,Imran Qureshi,SBI-4039334792,407914.03,Dormant Account Spike,2026-08-04 17:02:39
TXN-FIU-10379,Salim Rao,SBI-8563566710,Mohammad Shetty,SBI-7607066805,3458874.41,High-Risk Geography Outflow,2024-10-26 17:02:39
TXN-FIU-10380,Amit Sayed,SBI-4039334792,Sunil Sayed,HDFC-3598603170,2586434.33,High-Risk Geography Outflow,2026-01-20 17:02:39
TXN-FIU-10381,Anil Shinde,ICICI-7836464312,Sanjay Shinde,SBI-9831272394,3361201.16,Round Trip Transactions,2025-05-13 17:02:39
TXN-FIU-10382,Santosh Sayed,AXIS-2966343247,Prakash Kadam,PNB-7105992088,969638.64,Rapid Succession Transfers,2025-08-01 17:02:39
TXN-FIU-10383,Salim Memon,AXIS-5343309815,Deepak Shetty,AXIS-5138077601,3147202.7,Dormant Account Spike,2025-04-06 17:02:39
TXN-FIU-10384,Mohammad Pathan,SBI-6645556937,Shakeel Kadam,AXIS-5343309815,339933.33,Structured Deposits <50k,2026-08-21 17:02:39
TXN-FIU-10385,Tariq Sayed,PNB-7105992088,Farhan Jadhav,PNB-2593886870,3385451.14,Structured Deposits <50k,2025-05-05 17:02:39
TXN-FIU-10386,Shakeel Pathan,SBI-7607066805,Shakeel Kamath,SBI-7801787051,3127081.23,Rapid Succession Transfers,2026-06-30 17:02:39
TXN-FIU-10387,Sunil Pathan,HDFC-7132104683,Deepak Rao,PNB-9187843642,2724864.3,Round Trip Transactions,2026-08-05 17:02:39
TXN-FIU-10388,Suresh Pawar,ICICI-9155855108,Deepak Deshmukh,AXIS-2966343247,962673.82,High-Risk Geography Outflow,2026-04-15 17:02:39
TXN-FIU-10389,Dinesh Rao,SBI-2530322647,Irfan Qureshi,SBI-4270108217,2613229.57,Normal Trade Settlement,2025-04-27 17:02:39
TXN-FIU-10390,Dinesh Khan,AXIS-6937449151,Vikram Rao,PNB-1831413674,1624815.66,Round Trip Transactions,2025-11-01 17:02:39
TXN-FIU-10391,Irfan Jadhav,AXIS-6937449151,Pradeep Sayed,HDFC-1665602135,2269830.1,Round Trip Transactions,2025-07-16 17:02:39
TXN-FIU-10392,Shakeel Qureshi,HDFC-7132104683,Vikram Pawar,PNB-9187843642,1975508.59,Structured Deposits <50k,2025-02-02 17:02:39
TXN-FIU-10393,Kiran Hegde,SBI-4039334792,Dinesh Gowda,HDFC-7132104683,3439497.76,Normal Trade Settlement,2024-12-28 17:02:39
TXN-FIU-10394,Mahesh Reddy,PNB-7105992088,Mohammad Pathan,ICICI-2983738352,2398661.2,Structured Deposits <50k,2026-08-03 17:02:39
TXN-FIU-10395,Manoj Shetty,SBI-3468031896,Arjun Pawar,ICICI-8571385151,2342424.98,Normal Trade Settlement,2025-03-15 17:02:39
TXN-FIU-10396,Manoj Memon,AXIS-2117018376,Suresh Shinde,HDFC-2230404456,1308191.81,Rapid Succession Transfers,2025-10-10 17:02:39
TXN-FIU-10397,Manoj Ansari,HDFC-1665602135,Anil Bhat,PNB-7105992088,723732.44,Rapid Succession Transfers,2024-12-04 17:02:39
TXN-FIU-10398,Ramesh Shinde,SBI-7801787051,Mahesh Shinde,SBI-2530322647,1816364.58,Normal Trade Settlement,2026-07-30 17:02:39
TXN-FIU-10399,Sanjay Pawar,PNB-4878646625,Dinesh Jadhav,PNB-2729223616,80450.99,Rapid Succession Transfers,2025-01-19 17:02:39
TXN-FIU-10400,Sunil Deshmukh,HDFC-7132104683,Mahesh Siddiqui,SBI-4039334792,3149621.34,Round Trip Transactions,2026-05-23 17:02:39
TXN-FIU-10401,Mohammad Siddiqui,PNB-9365869572,Manoj Naik,HDFC-3598603170,3319298.86,High-Risk Geography Outflow,2024-09-24 17:02:39
TXN-FIU-10402,Mohammad Rao,SBI-3827143375,Rahul Pathan,PNB-7501469094,896122.76,High-Risk Geography Outflow,2026-08-28 17:02:39
TXN-FIU-10403,Dinesh Patil,AXIS-5343309815,Kishore Shaikh,SBI-2530322647,2504058.73,Rapid Succession Transfers,2026-07-14 17:02:39
TXN-FIU-10404,Vijay Kamath,SBI-4270108217,Ramesh Pathan,PNB-7501469094,2231225.33,High-Risk Geography Outflow,2025-10-18 17:02:39
TXN-FIU-10405,Suresh Pathan,AXIS-5138077601,Ramesh Memon,SBI-4270108217,405529.93,Rapid Succession Transfers,2024-10-25 17:02:39
TXN-FIU-10406,Nasir Sayed,SBI-4039334792,Kiran Qureshi,SBI-6645556937,303808.19,Rapid Succession Transfers,2025-04-16 17:02:39
TXN-FIU-10407,Mohammad Bhat,PNB-7105992088,Pradeep Kadam,PNB-9187843642,1380079.19,Structured Deposits <50k,2026-03-28 17:02:39
TXN-FIU-10408,Amit Khan,HDFC-2230404456,Farhan Sawant,HDFC-7132104683,142221.71,Structured Deposits <50k,2024-10-26 17:02:39
TXN-FIU-10409,Rajesh Shaikh,PNB-7105992088,Ramesh Naik,AXIS-2966343247,2227131.12,High-Risk Geography Outflow,2025-07-14 17:02:39
TXN-FIU-10410,Anil Chavan,ICICI-1236773228,Anil Khan,PNB-4878646625,2772933.58,Structured Deposits <50k,2024-10-25 17:02:39
TXN-FIU-10411,Kishore Qureshi,AXIS-2849280305,Amit Pawar,HDFC-8256999095,1278565.1,Structured Deposits <50k,2026-01-15 17:02:39
TXN-FIU-10412,Dinesh Kamath,SBI-7801787051,Anil Naik,SBI-6645556937,138232.9,Round Trip Transactions,2026-06-22 17:02:39
TXN-FIU-10413,Rajesh Chavan,AXIS-2849280305,Irfan Sayed,SBI-3827143375,1991177.05,Structured Deposits <50k,2026-07-25 17:02:39
TXN-FIU-10414,Ganesh Khan,AXIS-5138077601,Mahesh Naik,SBI-8924595680,2932792.47,High-Risk Geography Outflow,2025-11-16 17:02:39
TXN-FIU-10415,Irfan Kamath,SBI-9831272394,Sachin Kamath,PNB-9187843642,1126705.34,Structured Deposits <50k,2025-01-12 17:02:39
TXN-FIU-10416,Kiran Shinde,HDFC-1665602135,Pradeep Siddiqui,ICICI-2983738352,2964932.68,Normal Trade Settlement,2026-04-11 17:02:39
TXN-FIU-10417,Vijay Patil,SBI-7607066805,Irfan Kamath,SBI-4842184662,3494533.16,Dormant Account Spike,2025-08-03 17:02:39
TXN-FIU-10418,Mohammad Shaikh,PNB-2593886870,Manoj Kadam,SBI-4270108217,324740.54,Dormant Account Spike,2025-03-23 17:02:39
TXN-FIU-10419,Mohammad Patil,HDFC-8459734923,Kiran Khan,PNB-4878646625,3027191.35,Round Trip Transactions,2025-06-22 17:02:39
TXN-FIU-10420,Dinesh Reddy,AXIS-5138077601,Kishore Chavan,HDFC-8459734923,1575649.64,Dormant Account Spike,2025-10-24 17:02:39
TXN-FIU-10421,Rajesh Rao,SBI-6645556937,Kiran Naik,AXIS-5343309815,1273866.7,High-Risk Geography Outflow,2024-11-04 17:02:39
TXN-FIU-10422,Imran Khan,ICICI-9110076374,Farhan Patil,ICICI-4578876947,3428689.77,Normal Trade Settlement,2025-01-02 17:02:39
TXN-FIU-10423,Santosh Khan,PNB-7105992088,Kishore Chavan,SBI-7801787051,1355851.64,Dormant Account Spike,2024-12-27 17:02:39
TXN-FIU-10424,Ramesh Khan,ICICI-4578876947,Irfan Pawar,SBI-4039334792,3040772.44,Rapid Succession Transfers,2025-07-07 17:02:39
TXN-FIU-10425,Sanjay Pawar,SBI-3827143375,Ramesh Pawar,HDFC-1665602135,808231.88,Normal Trade Settlement,2024-11-06 17:02:39
TXN-FIU-10426,Suresh Reddy,HDFC-2230404456,Sachin Shinde,HDFC-8256999095,275821.96,Dormant Account Spike,2024-11-24 17:02:39
TXN-FIU-10427,Kishore Hegde,PNB-4878646625,Imran Hegde,HDFC-7132104683,1007647.65,Round Trip Transactions,2026-03-11 17:02:39
TXN-FIU-10428,Sunil Pawar,ICICI-7836464312,Rahul Chavan,SBI-4039334792,3327409.74,High-Risk Geography Outflow,2026-06-13 17:02:39
TXN-FIU-10429,Vikram Reddy,SBI-4842184662,Ramesh Shaikh,AXIS-4878918851,1146286.6,Dormant Account Spike,2025-06-28 17:02:39
TXN-FIU-10430,Anil Pathan,SBI-9831272394,Tariq Shinde,PNB-7105992088,681307.2,Round Trip Transactions,2025-10-01 17:02:39
TXN-FIU-10431,Rahul Reddy,PNB-9187843642,Suresh Patil,ICICI-6529253100,1317045.01,Round Trip Transactions,2026-02-27 17:02:39
TXN-FIU-10432,Irfan Siddiqui,SBI-4039334792,Vikram Hegde,AXIS-2117018376,2940967.29,Structured Deposits <50k,2024-12-07 17:02:39
TXN-FIU-10433,Rahul Jadhav,HDFC-7132104683,Santosh Siddiqui,ICICI-6529253100,1777881.89,High-Risk Geography Outflow,2024-12-24 17:02:39
TXN-FIU-10434,Vijay Reddy,ICICI-2983738352,Rahul Shaikh,ICICI-1236773228,2125222.64,Normal Trade Settlement,2026-03-09 17:02:39
TXN-FIU-10435,Santosh Sawant,HDFC-2230404456,Dinesh Khan,ICICI-2983738352,656740.32,High-Risk Geography Outflow,2025-03-06 17:02:39
TXN-FIU-10436,Shakeel Pawar,PNB-7105992088,Arjun Siddiqui,SBI-8924595680,1023786.28,Rapid Succession Transfers,2025-11-04 17:02:39
TXN-FIU-10437,Prakash Shinde,SBI-7801787051,Santosh Siddiqui,PNB-2729223616,423935.28,Round Trip Transactions,2025-02-21 17:02:39
TXN-FIU-10438,Anil Shetty,AXIS-2849280305,Tariq Patil,PNB-7105992088,3432220.41,Rapid Succession Transfers,2026-04-18 17:02:39
TXN-FIU-10439,Ganesh Sayed,ICICI-8571385151,Rahul Memon,PNB-5041977461,872726.42,Dormant Account Spike,2025-03-24 17:02:39
TXN-FIU-10440,Sachin Jadhav,AXIS-4878918851,Rahul Sayed,AXIS-2966343247,797790.5,Dormant Account Spike,2025-08-10 17:02:39
TXN-FIU-10441,Rajesh Naik,AXIS-2849280305,Vikram Bhat,ICICI-7096528446,2423996.28,Round Trip Transactions,2024-11-21 17:02:39
TXN-FIU-10442,Prakash Rao,AXIS-5343309815,Kishore Kadam,HDFC-3598603170,2899371.84,Structured Deposits <50k,2024-11-21 17:02:39
TXN-FIU-10443,Ramesh Gowda,PNB-2729223616,Pradeep Ansari,HDFC-1665602135,2286712.14,Dormant Account Spike,2026-08-01 17:02:39
TXN-FIU-10444,Farhan Sayed,SBI-8924595680,Deepak Bhat,ICICI-2983738352,2849514.47,Round Trip Transactions,2026-04-06 17:02:39
TXN-FIU-10445,Irfan Patil,AXIS-5138077601,Suresh Bhat,PNB-7105992088,1062604.42,Rapid Succession Transfers,2024-09-24 17:02:39
TXN-FIU-10446,Deepak Jadhav,ICICI-1236773228,Vikram Shaikh,SBI-9831272394,1170533.59,Dormant Account Spike,2025-05-06 17:02:39
TXN-FIU-10447,Mohammad Chavan,PNB-4878646625,Kiran Deshmukh,HDFC-8459734923,3378533.37,Rapid Succession Transfers,2025-09-15 17:02:39
TXN-FIU-10448,Mahesh Khan,ICICI-4578876947,Vikram Pathan,SBI-6645556937,1479425.99,Structured Deposits <50k,2026-08-16 17:02:39
TXN-FIU-10449,Vijay Reddy,AXIS-2849280305,Ajay Jadhav,SBI-8563566710,339385.78,Normal Trade Settlement,2025-08-30 17:02:39
TXN-FIU-10450,Rajesh Ansari,ICICI-5114292912,Sunil Naik,SBI-8924595680,625489.96,Round Trip Transactions,2024-10-03 17:02:39
TXN-FIU-10451,Salim Deshmukh,SBI-4039334792,Sanjay Naik,ICICI-9155855108,401336.78,High-Risk Geography Outflow,2026-03-24 17:02:39
TXN-FIU-10452,Ramesh Qureshi,SBI-4270108217,Farhan Jadhav,PNB-7501469094,1496164.85,Dormant Account Spike,2025-04-02 17:02:39
TXN-FIU-10453,Kishore Deshmukh,PNB-7105992088,Salim Bhat,AXIS-5343309815,69072.59,Normal Trade Settlement,2025-02-04 17:02:39
TXN-FIU-10454,Irfan Deshmukh,SBI-6645556937,Sachin Khan,SBI-7607066805,2269915.29,Structured Deposits <50k,2024-11-21 17:02:39
TXN-FIU-10455,Prakash Shinde,ICICI-8486450422,Kishore Reddy,SBI-7801787051,667479.17,Normal Trade Settlement,2026-06-22 17:02:39
TXN-FIU-10456,Arjun Kadam,SBI-5974215344,Vikram Reddy,ICICI-6529253100,2039967.98,Rapid Succession Transfers,2024-10-19 17:02:39
TXN-FIU-10457,Vijay Hegde,SBI-3827143375,Nasir Sayed,AXIS-2849280305,3395865.44,Rapid Succession Transfers,2025-09-26 17:02:39
TXN-FIU-10458,Ajay Patil,ICICI-4578876947,Pradeep Sayed,PNB-5041977461,1759123.18,Structured Deposits <50k,2025-07-03 17:02:39
TXN-FIU-10459,Deepak Hegde,AXIS-2849280305,Santosh Sayed,SBI-3827143375,2943702.8,High-Risk Geography Outflow,2024-11-13 17:02:39
TXN-FIU-10460,Ganesh Shaikh,HDFC-7132104683,Mahesh Ansari,HDFC-3598603170,2365804.59,Dormant Account Spike,2026-05-24 17:02:39
TXN-FIU-10461,Santosh Naik,HDFC-9986910988,Ganesh Reddy,ICICI-1236773228,1545164.21,Dormant Account Spike,2025-06-22 17:02:39
TXN-FIU-10462,Amit Reddy,ICICI-4517045513,Amit Sayed,ICICI-2983738352,179664.85,High-Risk Geography Outflow,2026-03-08 17:02:39
TXN-FIU-10463,Pradeep Memon,AXIS-2117018376,Shakeel Rao,SBI-3827283732,1481148.63,Dormant Account Spike,2026-08-11 17:02:39
TXN-FIU-10464,Sachin Patil,PNB-4878646625,Amit Hegde,SBI-3468031896,1165981.54,High-Risk Geography Outflow,2025-08-20 17:02:39
TXN-FIU-10465,Kishore Ansari,AXIS-2849280305,Salim Patil,AXIS-5138077601,1688827.06,Structured Deposits <50k,2026-05-22 17:02:39
TXN-FIU-10466,Pradeep Naik,PNB-1831413674,Vikram Khan,SBI-3827283732,1586303.49,Structured Deposits <50k,2025-03-24 17:02:39
TXN-FIU-10467,Ganesh Deshmukh,SBI-5974215344,Tariq Chavan,SBI-3827143375,1283416.5,Round Trip Transactions,2025-11-13 17:02:39
TXN-FIU-10468,Rahul Deshmukh,ICICI-9155855108,Ramesh Memon,HDFC-2230404456,349849.42,Normal Trade Settlement,2026-06-01 17:02:39
TXN-FIU-10469,Amit Chavan,ICICI-9110076374,Dinesh Chavan,ICICI-2983738352,2722585.14,High-Risk Geography Outflow,2026-01-03 17:02:39
TXN-FIU-10470,Arjun Qureshi,SBI-5974215344,Mohammad Sayed,PNB-7501469094,239141.24,Round Trip Transactions,2026-01-25 17:02:39
TXN-FIU-10471,Amit Ansari,HDFC-3598603170,Rajesh Khan,ICICI-9110076374,64514.77,High-Risk Geography Outflow,2026-08-30 17:02:39
TXN-FIU-10472,Kishore Jadhav,HDFC-8256999095,Rahul Rao,HDFC-9986910988,2865308.36,High-Risk Geography Outflow,2025-10-24 17:02:39
TXN-FIU-10473,Mahesh Chavan,PNB-4878646625,Sachin Khan,SBI-8563566710,429327.19,Structured Deposits <50k,2024-11-19 17:02:39
TXN-FIU-10474,Sachin Chavan,ICICI-9155855108,Rahul Deshmukh,HDFC-3598603170,1239496.89,Round Trip Transactions,2025-02-15 17:02:39
TXN-FIU-10475,Ramesh Sawant,PNB-9187843642,Arjun Pawar,SBI-4842184662,2069691.86,Normal Trade Settlement,2026-02-21 17:02:39
TXN-FIU-10476,Kiran Naik,PNB-2593886870,Dinesh Sawant,SBI-7801787051,1186289.98,Normal Trade Settlement,2024-12-01 17:02:39
TXN-FIU-10477,Shakeel Kamath,AXIS-4878918851,Prakash Rao,AXIS-2966343247,2032041.8,Normal Trade Settlement,2026-08-20 17:02:39
TXN-FIU-10478,Amit Kadam,PNB-7501469094,Shakeel Kadam,HDFC-3598603170,2501216.34,Round Trip Transactions,2025-06-20 17:02:39
TXN-FIU-10479,Pradeep Gowda,PNB-9365869572,Vijay Kadam,SBI-4039334792,670645.19,Normal Trade Settlement,2026-08-14 17:02:39
TXN-FIU-10480,Mohammad Patil,SBI-9831272394,Dinesh Siddiqui,ICICI-1236773228,1345718.51,High-Risk Geography Outflow,2026-05-05 17:02:39
TXN-FIU-10481,Salim Hegde,SBI-4842184662,Deepak Shinde,ICICI-5114292912,785150.04,Normal Trade Settlement,2026-04-22 17:02:39
TXN-FIU-10482,Dinesh Hegde,ICICI-5114292912,Salim Shinde,ICICI-8571385151,3041661.0,Normal Trade Settlement,2024-12-04 17:02:39
TXN-FIU-10483,Suresh Gowda,ICICI-9155855108,Mohammad Khan,SBI-6645556937,3052500.65,High-Risk Geography Outflow,2025-02-19 17:02:39
TXN-FIU-10484,Anil Siddiqui,SBI-6645556937,Arjun Sayed,ICICI-8571385151,1237561.51,High-Risk Geography Outflow,2025-07-03 17:02:39
TXN-FIU-10485,Mohammad Shetty,SBI-3468031896,Pradeep Shetty,AXIS-2117018376,1335194.39,High-Risk Geography Outflow,2024-10-28 17:02:39
TXN-FIU-10486,Dinesh Chavan,ICICI-1236773228,Manoj Jadhav,PNB-9187843642,246090.17,Round Trip Transactions,2025-12-31 17:02:39
TXN-FIU-10487,Irfan Bhat,SBI-5974215344,Kiran Deshmukh,ICICI-9155855108,2358687.6,Normal Trade Settlement,2026-04-06 17:02:39
TXN-FIU-10488,Mahesh Jadhav,SBI-7607066805,Ajay Bhat,HDFC-1665602135,2170611.13,Structured Deposits <50k,2026-04-08 17:02:39
TXN-FIU-10489,Dinesh Rao,SBI-8563566710,Tariq Patil,AXIS-6937449151,1212173.84,Dormant Account Spike,2025-03-27 17:02:39
TXN-FIU-10490,Ganesh Jadhav,ICICI-7096528446,Dinesh Gowda,SBI-7607066805,2769883.73,Normal Trade Settlement,2026-01-07 17:02:39
TXN-FIU-10491,Shakeel Bhat,HDFC-2230404456,Vijay Naik,PNB-7105992088,1020403.05,Round Trip Transactions,2025-11-23 17:02:39
TXN-FIU-10492,Farhan Sayed,SBI-3468031896,Deepak Kadam,HDFC-8256999095,2517228.33,Round Trip Transactions,2026-02-19 17:02:39
TXN-FIU-10493,Vikram Pathan,HDFC-9986910988,Prakash Jadhav,HDFC-3598603170,2801967.61,Structured Deposits <50k,2026-05-20 17:02:39
TXN-FIU-10494,Mahesh Pawar,ICICI-9110076374,Santosh Khan,ICICI-4578876947,764199.42,Structured Deposits <50k,2025-12-20 17:02:39
TXN-FIU-10495,Prakash Hegde,SBI-5974215344,Sachin Chavan,AXIS-4878918851,3006576.3,Dormant Account Spike,2026-08-12 17:02:39
TXN-FIU-10496,Amit Kamath,ICICI-9110076374,Deepak Ansari,AXIS-4878918851,1437400.88,Structured Deposits <50k,2025-11-06 17:02:39
TXN-FIU-10497,Anil Rao,ICICI-4578876947,Santosh Patil,SBI-9831272394,505625.99,High-Risk Geography Outflow,2024-11-14 17:02:39
TXN-FIU-10498,Anil Jadhav,AXIS-6937449151,Anil Bhat,ICICI-9110076374,1888003.87,Dormant Account Spike,2024-09-17 17:02:39
TXN-FIU-10499,Pradeep Bhat,PNB-9187843642,Vijay Memon,SBI-2530322647,529618.89,Round Trip Transactions,2026-07-28 17:02:39
TXN-FIU-10500,Ganesh Pathan,HDFC-2230404456,Rahul Khan,PNB-9365869572,2466986.34,Dormant Account Spike,2025-11-23 17:02:39
